dataset,source_group,document_id,doi,base_id,fluorinated_id,base_smiles,fluorinated_smiles,transformation,n_f_added,fluorinated_center_atom_index,formula_delta_ok,formula_delta_atomic_numbers,base_hlm,fluorinated_hlm,base_rlm,fluorinated_rlm,delta_hlm_f_minus_base,delta_rlm_f_minus_base,hlm_improved,rlm_improved,direction_agreement,species_opposite_direction,any_endpoint_censored,pair_id,manual_review_note,hlm_shared_assay_ids,rlm_shared_assay_ids,has_shared_hlm_assay,has_shared_rlm_assay,strict_both_species_assay_matched,selected_assays_free_of_non_equality_records,selected_hlm_assay_id,assay_matched_base_hlm,assay_matched_fluorinated_hlm,assay_matched_delta_hlm,hlm_pair_max_replicate_range_log10,selected_rlm_assay_id,assay_matched_base_rlm,assay_matched_fluorinated_rlm,assay_matched_delta_rlm,rlm_pair_max_replicate_range_log10,assay_matched_hlm_improved,assay_matched_rlm_improved,assay_matched_direction_agreement,manual_review_status,delta_rlm_bin,reversal,hlm_improvement
ChEMBL35_strict,doc::109096.0,109096.0,10.1021/acs.jmedchem.8b00518,OA35PAIR_01676,OA35PAIR_00866,O=C(N[C@@H](c1ccccc1)c1ncccc1C(F)(F)F)c1ccc2cccnc2c1,O=C(N[C@@H](c1ccc(F)cc1)c1ncccc1C(F)(F)F)c1ccc2cccnc2c1,Ar-H_to_Ar-F,1,7,1,"{""1"": -1, ""9"": 1}",1.701654317325748,1.4483971034577676,2.2723058444020863,2.040602340114073,-0.2532572138679803,-0.2317035042880131,1,1,1,0,0,FPAIR_00038,Author confirmed molecular identities; fluorination edit; endpoint; units; and reported HLM/RLM values against the cited publication or Supporting Information.,1779573,1779574,1,1,1,1,1779573,1.701654317325748,1.4483971034577676,-0.2532572138679805,0.0,1779574,2.2723058444020863,2.040602340114073,-0.2317035042880131,0.0,1.0,1.0,1.0,verified,-0.30 to -0.10,0,1
ChEMBL35_strict,doc::109096.0,109096.0,10.1021/acs.jmedchem.8b00518,OA35PAIR_01933,OA35PAIR_02108,O=C(N[C@@H](c1ccc(C(F)(F)F)cc1)c1ncccc1C(F)(F)F)c1ccc2cccnc2c1,O=C(N[C@@H](c1ccc(C(F)(F)F)c(F)c1)c1ncccc1C(F)(F)F)c1ccc2cccnc2c1,Ar-H_to_Ar-F,1,12,1,"{""1"": -1, ""9"": 1}",1.670245853074124,1.7671558660821804,1.7024305364455252,1.9365137424788936,0.0969100130080564,0.2340832060333684,0,0,1,0,0,FPAIR_00084,Author confirmed molecular identities; fluorination edit; endpoint; units; and reported HLM/RLM values against the cited publication or Supporting Information.,1779573,1779574,1,1,1,1,1779573,1.670245853074124,1.7671558660821804,0.0969100130080564,0.0,1779574,1.7024305364455252,1.9365137424788936,0.2340832060333681,0.0,0.0,0.0,1.0,verified,> 0.10,0,0
ChEMBL35_strict,doc::109758.0,109758.0,10.1016/j.bmcl.2018.07.043,OA35PAIR_00903,OA35PAIR_01709,CCOc1ccc(OC)cc1C1(N2CCN(c3ccncc3)CC2)C(=O)N(S(=O)(=O)c2cccc3cccnc23)c2ccc(C#N)cc21,CCOc1ccc(OC)cc1C1(N2CCN(c3ccncc3)CC2)C(=O)N(S(=O)(=O)c2ccc(F)c3cccnc23)c2ccc(C#N)cc21,Ar-H_to_Ar-F,1,33,1,"{""1"": -1, ""9"": 1}",2.2986347831244354,2.185457157401926,2.5774917998372255,2.3308194664958366,-0.1131776257225092,-0.2466723333413889,1,1,1,0,0,FPAIR_00075,Author confirmed molecular identities; fluorination edit; endpoint; units; and reported HLM/RLM values against the cited publication or Supporting Information.,1794573,1794574,1,1,1,1,1794573,2.2986347831244354,2.185457157401926,-0.1131776257225092,0.0,1794574,2.5774917998372255,2.3308194664958366,-0.2466723333413889,0.0,1.0,1.0,1.0,verified,-0.30 to -0.10,0,1
ChEMBL35_strict,doc::110470.0,110470.0,10.1021/acs.jmedchem.8b00994,OA35PAIR_00459,OA35PAIR_00238,Cc1noc2ccc(Nc3[nH]nc4ncccc34)cc12,Cc1noc2c(F)cc(Nc3[nH]nc4ncccc34)cc12,Ar-H_to_Ar-F,1,5,1,"{""1"": -1, ""9"": 1}",1.9106244048892012,1.7007037171450194,1.4785664955938431,2.041392685158225,-0.2099206877441817,0.5628261895643818,1,0,0,1,0,FPAIR_00008,Author confirmed molecular identities; fluorination edit; endpoint; units; and reported HLM/RLM values against the cited publication or Supporting Information.,1810580,1810581,1,1,1,1,1810580,1.9106244048892012,1.7007037171450194,-0.2099206877441817,0.0,1810581,1.4785664955938431,2.041392685158225,0.5628261895643816,0.0,1.0,0.0,0.0,verified,> 0.10,1,1
ChEMBL35_strict,doc::110470.0,110470.0,10.1021/acs.jmedchem.8b00994,OA35PAIR_00459,OA35PAIR_00808,Cc1noc2ccc(Nc3[nH]nc4ncccc34)cc12,Cc1noc2ccc(Nc3[nH]nc4ncc(F)cc34)cc12,Ar-H_to_Ar-F,1,15,1,"{""1"": -1, ""9"": 1}",1.9106244048892012,1.3729120029701063,1.4785664955938431,1.5943925503754266,-0.5377124019190949,0.1158260547815834,1,0,0,1,0,FPAIR_00036,Author confirmed molecular identities; fluorination edit; endpoint; units; and reported HLM/RLM values against the cited publication or Supporting Information.,1810580,1810581,1,1,1,1,1810580,1.9106244048892012,1.3729120029701063,-0.5377124019190946,0.0,1810581,1.4785664955938431,1.5943925503754266,0.1158260547815832,0.0,1.0,0.0,0.0,verified,> 0.10,1,1
ChEMBL35_strict,doc::110470.0,110470.0,10.1021/acs.jmedchem.8b00994,OA35PAIR_00454,OA35PAIR_01653,Cc1noc2ccc(Nc3[nH]nc4cccnc34)cc12,Cc1noc2ccc(Nc3[nH]nc4cc(F)cnc34)cc12,Ar-H_to_Ar-F,1,14,1,"{""1"": -1, ""9"": 1}",1.1702617153949575,1.383815365980431,1.5024271199844328,1.5237464668115646,0.2135536505854736,0.0213193468271317,0,0,1,0,0,FPAIR_00070,Author confirmed molecular identities; fluorination edit; endpoint; units; and reported HLM/RLM values against the cited publication or Supporting Information.,1810580,1810581,1,1,1,1,1810580,1.1702617153949575,1.383815365980431,0.2135536505854738,0.0,1810581,1.5024271199844328,1.5237464668115646,0.0213193468271317,0.0,0.0,0.0,1.0,verified,-0.10 to 0.10,0,0
ChEMBL35_strict,doc::110470.0,110470.0,10.1021/acs.jmedchem.8b00994,OA35PAIR_00454,OA35PAIR_02377,Cc1noc2ccc(Nc3[nH]nc4cccnc34)cc12,Cc1noc2c(F)cc(Nc3[nH]nc4cccnc34)cc12,Ar-H_to_Ar-F,1,5,1,"{""1"": -1, ""9"": 1}",1.1702617153949575,1.4927603890268375,1.5024271199844328,1.8221680793680175,0.32249867363188,0.3197409593835847,0,0,1,0,0,FPAIR_00097,Author confirmed molecular identities; fluorination edit; endpoint; units; and reported HLM/RLM values against the cited publication or Supporting Information.,1810580,1810581,1,1,1,1,1810580,1.1702617153949575,1.4927603890268375,0.32249867363188,0.0,1810581,1.5024271199844328,1.8221680793680175,0.3197409593835847,0.0,0.0,0.0,1.0,verified,> 0.10,0,0
ChEMBL35_strict,doc::110861.0,110861.0,10.1021/acs.jmedchem.9b01721,OA35PAIR_02157,OA35PAIR_01530,CNC(=O)Nc1ccc2c(c1)CC[C@@]21OC(=O)N(CC(=O)N2Cc3ccccc3CC[C@H]2C2CC2)C1=O,CNC(=O)Nc1ccc2c(c1)CC[C@@]21OC(=O)N(CC(=O)N2Cc3ccc(F)cc3CC[C@H]2C2CC2)C1=O,Ar-H_to_Ar-F,1,26,1,"{""1"": -1, ""9"": 1}",2.321038892726055,2.117403884416343,2.936513742478893,2.666892211066536,-0.2036350083097118,-0.2696215314123571,1,1,1,0,0,FPAIR_00064,Author confirmed molecular identities; fluorination edit; endpoint; units; and reported HLM/RLM values against the cited publication or Supporting Information.,1825665,1825666,1,1,1,1,1825665,2.321038892726055,2.117403884416343,-0.2036350083097118,0.0,1825666,2.936513742478893,2.666892211066536,-0.2696215314123571,0.0,1.0,1.0,1.0,verified,-0.30 to -0.10,0,1
ChEMBL35_strict,doc::110861.0,110861.0,10.1021/acs.jmedchem.9b01721,OA35PAIR_00678,OA35PAIR_01539,CNC(=O)Nc1ccc2c(c1)CC[C@@]21OC(=O)N(CC(=O)N2Cc3ccccc3CC[C@H]2C(F)(F)F)C1=O,CNC(=O)Nc1ccc2c(c1)CC[C@@]21OC(=O)N(CC(=O)N2Cc3ccc(F)cc3CC[C@H]2C(F)(F)F)C1=O,Ar-H_to_Ar-F,1,26,1,"{""1"": -1, ""9"": 1}",2.2355031964943377,2.2750117377780112,2.3823773034681137,2.230244499401375,0.0395085412836735,-0.1521328040667389,0,1,0,1,0,FPAIR_00065,Author confirmed molecular identities; fluorination edit; endpoint; units; and reported HLM/RLM values against the cited publication or Supporting Information.,1825665,1825666,1,1,1,1,1825665,2.2355031964943377,2.2750117377780112,0.0395085412836735,0.0,1825666,2.3823773034681137,2.230244499401375,-0.1521328040667389,0.0,0.0,1.0,0.0,verified,-0.30 to -0.10,1,0
ChEMBL35_strict,doc::113971.0,113971.0,10.1021/acs.jmedchem.8b01679,OA35PAIR_00524,OA35PAIR_01241,CCc1ccc2nc(N3CCC(N[C@@H]4CCCOC4)CC3)c(-c3nc(C)no3)cc2c1,CCc1cc(F)c2nc(N3CCC(N[C@@H]4CCCOC4)CC3)c(-c3nc(C)no3)cc2c1,Ar-H_to_Ar-F,1,4,1,"{""1"": -1, ""9"": 1}",1.6053050461411094,1.0791812460476249,1.7101173651118162,1.3560258571931227,-0.5261238000934845,-0.3540915079186935,1,1,1,0,0,FPAIR_00057,Author confirmed molecular identities; fluorination edit; endpoint; units; and reported HLM/RLM values against the cited publication or Supporting Information.,1921430,1921431,1,1,1,1,1921430,1.6053050461411094,1.0791812460476249,-0.5261238000934845,0.0,1921431,1.7101173651118162,1.3560258571931227,-0.3540915079186935,0.0,1.0,1.0,1.0,verified,< -0.30,0,1
ChEMBL35_strict,doc::114173.0,114173.0,10.1021/acs.jmedchem.6b00425,OA35PAIR_01401,OA35PAIR_02365,CC(C)COc1ncc(-c2ccc(C(=O)NS(C)(=O)=O)cc2F)cc1Cl,CC(C)COc1ncc(-c2cc(F)c(C(=O)NS(C)(=O)=O)cc2F)cc1Cl,Ar-H_to_Ar-F,1,11,1,"{""1"": -1, ""9"": 1}",1.499549625905149,1.7402837196818792,1.5976951859255124,1.5976951859255124,0.2407340937767301,0.0,0,0,0,1,0,FPAIR_00096,Author confirmed molecular identities; fluorination edit; endpoint; units; and reported HLM/RLM values against the cited publication or Supporting Information.,1925814,1925815,1,1,1,1,1925814,1.499549625905149,1.7402837196818792,0.2407340937767301,0.0,1925815,1.5976951859255124,1.5976951859255124,0.0,0.0,0.0,0.0,0.0,verified,-0.10 to 0.10,1,0
ChEMBL35_strict,doc::114532.0,114532.0,10.1021/acs.jmedchem.6b00610,OA35PAIR_00870,OA35PAIR_02204,Cc1nc2cccc(-c3cc4c([nH]3)CCNC4=O)c2nc1NC(C)(C)C,Cc1nc2ccc(F)c(-c3cc4c([nH]3)CCNC4=O)c2nc1NC(C)(C)C,Ar-H_to_Ar-F,1,6,1,"{""1"": -1, ""9"": 1}",1.9132839017604184,1.8877297972880305,2.189770956346874,2.5317343092765503,-0.0255541044723879,0.3419633529296764,1,0,0,1,0,FPAIR_00088,Author confirmed molecular identities; fluorination edit; endpoint; units; and reported HLM/RLM values against the cited publication or Supporting Information.,1932816,1932815,1,1,1,1,1932816,1.9132839017604184,1.8877297972880305,-0.0255541044723881,0.0,1932815,2.189770956346874,2.5317343092765503,0.3419633529296764,0.0,1.0,0.0,0.0,verified,> 0.10,1,1
ChEMBL35_strict,doc::119817.0,119817.0,10.1016/j.ejmech.2020.112424,OA35PAIR_00480,OA35PAIR_01560,COc1cc(F)ccc1-c1ccnc(Nc2ccc3c(N4CCOCC4)c(C(C)=O)c(=O)oc3c2)n1,COc1cc(F)ccc1-c1nc(Nc2ccc3c(N4CCOCC4)c(C(C)=O)c(=O)oc3c2)ncc1F,Ar-H_to_Ar-F,1,35,1,"{""1"": -1, ""9"": 1}",1.6851862028670606,1.6570175873403687,2.413634997198556,3.093491727010932,-0.0281686155266918,0.6798567298123763,1,0,0,1,0,FPAIR_00068,Author confirmed molecular identities; fluorination edit; endpoint; units; and reported HLM/RLM values against the cited publication or Supporting Information.,2089339,2089345,1,1,1,1,2089339,1.6851862028670606,1.6570175873403687,-0.0281686155266918,0.0,2089345,2.413634997198556,3.093491727010932,0.6798567298123763,0.0,1.0,0.0,0.0,verified,> 0.10,1,1
ChEMBL35_strict,doc::120738.0,120738.0,10.1021/acs.jmedchem.1c00847,OA35PAIR_00567,OA35PAIR_00257,C[C@@H]1Cc2c([nH]c3ccccc23)[C@@H](c2c(F)cc(NC3CN(CCCF)C3)cc2F)N1CC(F)(F)CO,C[C@@H]1Cc2c([nH]c3cccc(F)c23)[C@@H](c2c(F)cc(NC3CN(CCCF)C3)cc2F)N1CC(F)(F)CO,Ar-H_to_Ar-F,1,10,1,"{""1"": -1, ""9"": 1}",1.0413926851582251,1.0791812460476249,1.2787536009528289,1.2787536009528289,0.0377885608893997,0.0,0,0,0,1,0,FPAIR_00010,Author confirmed molecular identities; fluorination edit; endpoint; units; and reported HLM/RLM values against the cited publication or Supporting Information.,2118298,2118299,1,1,1,1,2118298,1.0413926851582251,1.0791812460476249,0.0377885608893997,0.0,2118299,1.2787536009528289,1.2787536009528289,0.0,0.0,0.0,0.0,0.0,verified,-0.10 to 0.10,1,0
ChEMBL35_strict,doc::120738.0,120738.0,10.1021/acs.jmedchem.1c00847,OA35PAIR_00567,OA35PAIR_00318,C[C@@H]1Cc2c([nH]c3ccccc23)[C@@H](c2c(F)cc(NC3CN(CCCF)C3)cc2F)N1CC(F)(F)CO,C[C@@H]1Cc2c([nH]c3c(F)cccc23)[C@@H](c2c(F)cc(NC3CN(CCCF)C3)cc2F)N1CC(F)(F)CO,Ar-H_to_Ar-F,1,7,1,"{""1"": -1, ""9"": 1}",1.0413926851582251,1.0413926851582251,1.2787536009528289,1.2041199826559248,0.0,-0.074633618296904,0,1,0,1,0,FPAIR_00012,Author confirmed molecular identities; fluorination edit; endpoint; units; and reported HLM/RLM values against the cited publication or Supporting Information.,2118298,2118299,1,1,1,1,2118298,1.0413926851582251,1.0413926851582251,0.0,0.0,2118299,1.2787536009528289,1.2041199826559248,-0.074633618296904,0.0,0.0,1.0,0.0,verified,-0.10 to 0.10,1,0
ChEMBL35_strict,doc::120738.0,120738.0,10.1021/acs.jmedchem.1c00847,OA35PAIR_00901,OA35PAIR_00567,C[C@@H]1Cc2c([nH]c3ccccc23)[C@@H](c2ccc(NC3CN(CCCF)C3)cc2F)N1CC(F)(F)CO,C[C@@H]1Cc2c([nH]c3ccccc23)[C@@H](c2c(F)cc(NC3CN(CCCF)C3)cc2F)N1CC(F)(F)CO,Ar-H_to_Ar-F,1,14,1,"{""1"": -1, ""9"": 1}",1.0,1.0413926851582251,1.0,1.2787536009528289,0.0413926851582251,0.2787536009528288,0,0,1,0,0,FPAIR_00021,Author confirmed molecular identities; fluorination edit; endpoint; units; and reported HLM/RLM values against the cited publication or Supporting Information.,2118298,2118299,1,1,1,1,2118298,1.0,1.0413926851582251,0.0413926851582251,0.0,2118299,1.0,1.2787536009528289,0.2787536009528288,0.0,0.0,0.0,1.0,verified,> 0.10,0,0
ChEMBL35_strict,doc::120738.0,120738.0,10.1021/acs.jmedchem.1c00847,OA35PAIR_00567,OA35PAIR_00698,C[C@@H]1Cc2c([nH]c3ccccc23)[C@@H](c2c(F)cc(NC3CN(CCCF)C3)cc2F)N1CC(F)(F)CO,C[C@@H]1Cc2c([nH]c3ccc(F)cc23)[C@@H](c2c(F)cc(NC3CN(CCCF)C3)cc2F)N1CC(F)(F)CO,Ar-H_to_Ar-F,1,9,1,"{""1"": -1, ""9"": 1}",1.0413926851582251,1.0,1.2787536009528289,1.146128035678238,-0.0413926851582251,-0.1326255652745909,1,1,1,0,0,FPAIR_00030,Author confirmed molecular identities; fluorination edit; endpoint; units; and reported HLM/RLM values against the cited publication or Supporting Information.,2118298,2118299,1,1,1,1,2118298,1.0413926851582251,1.0,-0.0413926851582251,0.0,2118299,1.2787536009528289,1.146128035678238,-0.1326255652745909,0.0,1.0,1.0,1.0,verified,-0.30 to -0.10,0,1
ChEMBL35_strict,doc::120738.0,120738.0,10.1021/acs.jmedchem.1c00847,OA35PAIR_02161,OA35PAIR_00901,C[C@@H]1Cc2c([nH]c3ccccc23)[C@@H](c2ccc(NC3CN(CCCF)C3)cc2)N1CC(F)(F)CO,C[C@@H]1Cc2c([nH]c3ccccc23)[C@@H](c2ccc(NC3CN(CCCF)C3)cc2F)N1CC(F)(F)CO,Ar-H_to_Ar-F,1,27,1,"{""1"": -1, ""9"": 1}",1.0,1.0,1.230448921378274,1.0,0.0,-0.2304489213782741,0,1,0,1,0,FPAIR_00042,Author confirmed molecular identities; fluorination edit; endpoint; units; and reported HLM/RLM values against the cited publication or Supporting Information.,2118298,2118299,1,1,1,1,2118298,1.0,1.0,0.0,0.0,2118299,1.230448921378274,1.0,-0.2304489213782738,0.0,0.0,1.0,0.0,verified,-0.30 to -0.10,1,0
ChEMBL35_strict,doc::120738.0,120738.0,10.1021/acs.jmedchem.1c00847,OA35PAIR_00567,OA35PAIR_01176,C[C@@H]1Cc2c([nH]c3ccccc23)[C@@H](c2c(F)cc(NC3CN(CCCF)C3)cc2F)N1CC(F)(F)CO,C[C@@H]1Cc2c([nH]c3cc(F)ccc23)[C@@H](c2c(F)cc(NC3CN(CCCF)C3)cc2F)N1CC(F)(F)CO,Ar-H_to_Ar-F,1,8,1,"{""1"": -1, ""9"": 1}",1.0413926851582251,0.9542425094393248,1.2787536009528289,1.1760912590556811,-0.0871501757189003,-0.1026623418971477,1,1,1,0,0,FPAIR_00053,Author confirmed molecular identities; fluorination edit; endpoint; units; and reported HLM/RLM values against the cited publication or Supporting Information.,2118298,2118299,1,1,1,1,2118298,1.0413926851582251,0.9542425094393248,-0.0871501757189002,0.0,2118299,1.2787536009528289,1.1760912590556811,-0.1026623418971475,0.0,1.0,1.0,1.0,verified,-0.30 to -0.10,0,1
ChEMBL35_strict,doc::121631.0,121631.0,10.1021/acs.jmedchem.1c00563,OA35PAIR_01094,OA35PAIR_00047,O=C1c2nc3cccc(Br)c3n2CCN1Cc1ccc(Cl)cc1,O=C1c2nc3cccc(Br)c3n2CCN1Cc1ccc(Cl)cc1F,Ar-H_to_Ar-F,1,22,1,"{""1"": -1, ""9"": 1}",-0.0744816418225699,-0.092965047516583,0.7604224834232121,0.6866362692622935,-0.018483405694013,-0.0737862141609185,1,1,1,0,0,FPAIR_00003,Author confirmed molecular identities; fluorination edit; endpoint; units; and reported HLM/RLM values against the cited publication or Supporting Information.,2149700,2149701,1,1,1,1,2149700,-0.0744816418225699,-0.092965047516583,-0.0184834056940131,0.0,2149701,0.7604224834232121,0.6866362692622935,-0.0737862141609185,0.0,1.0,1.0,1.0,verified,-0.10 to 0.10,0,1
ChEMBL35_strict,doc::121631.0,121631.0,10.1021/acs.jmedchem.1c00563,OA35PAIR_02090,OA35PAIR_01675,O=C1c2nc3cccc(Br)c3n2CCN1Cc1ccc(Br)cc1,O=C1c2nc3cccc(Br)c3n2CCN1Cc1ccc(Br)cc1F,Ar-H_to_Ar-F,1,22,1,"{""1"": -1, ""9"": 1}",-0.224243962155902,-0.1122702027119696,0.7055216134226672,0.6151079874431941,0.1119737594439324,-0.0904136259794731,0,1,0,1,0,FPAIR_00072,Author confirmed molecular identities; fluorination edit; endpoint; units; and reported HLM/RLM values against the cited publication or Supporting Information.,2149700,2149701,1,1,1,1,2149700,-0.224243962155902,-0.1122702027119696,0.1119737594439323,0.0,2149701,0.7055216134226672,0.6151079874431941,-0.0904136259794731,0.0,0.0,1.0,0.0,verified,-0.10 to 0.10,1,0
ChEMBL35_strict,doc::121631.0,121631.0,10.1021/acs.jmedchem.1c00563,OA35PAIR_02039,OA35PAIR_01970,O=C1c2nc3cccc(Br)c3n2CCN1Cc1ccccc1,O=C1c2nc3cccc(Br)c3n2CCN1Cc1ccccc1F,Ar-H_to_Ar-F,1,21,1,"{""1"": -1, ""9"": 1}",-0.5516028965422324,-0.4546928835341759,0.8030472104911286,0.527114111639805,0.0969100130080564,-0.2759330988513235,0,1,0,1,0,FPAIR_00080,Author confirmed molecular identities; fluorination edit; endpoint; units; and reported HLM/RLM values against the cited publication or Supporting Information.,2149700,2149701,1,1,1,1,2149700,-0.5516028965422324,-0.4546928835341759,0.0969100130080564,0.0,2149701,0.8030472104911286,0.527114111639805,-0.2759330988513235,0.0,0.0,1.0,0.0,verified,-0.30 to -0.10,1,0
ChEMBL35_strict,doc::121860.0,121860.0,10.1021/acsmedchemlett.1c00473,OA35PAIR_01046,OA35PAIR_01362,CCc1c[nH]c2ncc(-c3ccc(N)c(C(=O)N(C)C)c3)cc12,CCc1c[nH]c2ncc(-c3ccc(N)c(C(=O)N(C)C)c3F)cc12,Ar-H_to_Ar-F,1,20,1,"{""1"": -1, ""9"": 1}",1.0791812460476249,1.2041199826559248,1.3979400086720375,1.568201724066995,0.1249387366082999,0.1702617153949575,0,0,1,0,0,FPAIR_00059,Author confirmed molecular identities; fluorination edit; endpoint; units; and reported HLM/RLM values against the cited publication or Supporting Information.,2157147,2157146,1,1,1,1,2157147,1.0791812460476249,1.2041199826559248,0.1249387366082999,0.0,2157146,1.3979400086720375,1.568201724066995,0.1702617153949572,0.0,0.0,0.0,1.0,verified,> 0.10,0,0
ChEMBL35_strict,doc::122085.0,122085.0,10.1021/acsmedchemlett.1c00682,OA35PAIR_01212,OA35PAIR_01634,C[C@@H](CN1CCC2(CC1)OC(=O)Nc1ccccc12)NC(=O)c1ccc(F)cc1,C[C@@H](CN1CCC2(CC1)OC(=O)Nc1cc(F)ccc12)NC(=O)c1ccc(F)cc1,Ar-H_to_Ar-F,1,15,1,"{""1"": -1, ""9"": 1}",1.591064607026499,1.8325089127062364,2.012837224705172,2.3979400086720375,0.2414443056797373,0.3851027839668655,0,0,1,0,0,FPAIR_00069,Author confirmed molecular identities; fluorination edit; endpoint; units; and reported HLM/RLM values against the cited publication or Supporting Information.,2165926,2165927,1,1,1,1,2165926,1.591064607026499,1.8325089127062364,0.2414443056797373,0.0,2165927,2.012837224705172,2.3979400086720375,0.3851027839668655,0.0,0.0,0.0,1.0,verified,> 0.10,0,0
ChEMBL35_strict,doc::123562.0,123562.0,10.1021/acs.jmedchem.2c00791,OA35PAIR_00117,OA35PAIR_01008,Cc1cc2c(Nc3ccccc3)cc(C(=O)NC3CC3)nc2cn1,Cc1cc2c(Nc3ccccc3F)cc(C(=O)NC3CC3)nc2cn1,Ar-H_to_Ar-F,1,11,1,"{""1"": -1, ""9"": 1}",1.8085485512404056,1.4661258704181992,2.04766419460156,1.7737864449811935,-0.3424226808222064,-0.2738777496203664,1,1,1,0,0,FPAIR_00045,Author confirmed molecular identities; fluorination edit; endpoint; units; and reported HLM/RLM values against the cited publication or Supporting Information.,2217294,2217293,1,1,1,1,2217294,1.8085485512404056,1.4661258704181992,-0.3424226808222061,0.0,2217293,2.04766419460156,1.7737864449811935,-0.2738777496203664,0.0,1.0,1.0,1.0,verified,-0.30 to -0.10,0,1
ChEMBL35_strict,doc::123689.0,123689.0,10.1016/j.bmcl.2022.128549,OA35PAIR_02085,OA35PAIR_02065,C=CC(=O)N(C)CCOc1cncnc1-c1ccc(CN2CCN(CC(C)(C)C)CC2=O)cc1,C=CC(=O)N(C)CCOc1cncnc1-c1ccc(CN2CCN(CC(C)(C)C)CC2=O)c(F)c1,Ar-H_to_Ar-F,1,32,1,"{""1"": -1, ""9"": 1}",2.4313637641589874,2.907948521612272,2.9684829485539352,3.5658478186735176,0.4765847574532844,0.5973648701195824,0,0,1,0,0,FPAIR_00082,Author confirmed molecular identities; fluorination edit; endpoint; units; and reported HLM/RLM values against the cited publication or Supporting Information.,2220471,2220472,1,1,1,1,2220471,2.4313637641589874,2.907948521612272,0.4765847574532849,0.0,2220472,2.9684829485539352,3.5658478186735176,0.5973648701195824,0.0,0.0,0.0,1.0,verified,> 0.10,0,0
ChEMBL35_strict,doc::124411.0,124411.0,10.1016/j.ejmech.2021.114010,OA35PAIR_01925,OA35PAIR_00108,O=C(NCCCCn1cccn1)c1cccc(C2SCC(=O)N2c2ccccn2)c1,O=C(NCCCCn1cccn1)c1cccc(C2SCC(=O)N2c2cc(F)ccn2)c1,Ar-H_to_Ar-F,1,25,1,"{""1"": -1, ""9"": 1}",1.9825290188656024,2.134138842060031,2.9594230219431052,3.3337293231565988,0.1516098231944287,0.3743063012134935,0,0,1,0,0,FPAIR_00005,Author confirmed molecular identities; fluorination edit; endpoint; units; and reported HLM/RLM values against the cited publication or Supporting Information.,2241797,2241798,1,1,1,1,2241797,1.9825290188656024,2.134138842060031,0.1516098231944287,0.0,2241798,2.9594230219431052,3.3337293231565988,0.3743063012134935,0.0,0.0,0.0,1.0,verified,> 0.10,0,0
ChEMBL35_strict,doc::124869.0,124869.0,10.1016/j.bmcl.2022.129014,OA35PAIR_01773,OA35PAIR_01838,O=c1[nH]c(SCc2ccc(-c3ccc(S(=O)(=O)NC4COC4)cc3)cc2F)nc2c1CCC2,O=c1[nH]c(SCc2ccc(-c3ccc(S(=O)(=O)NC4COC4)c(F)c3)cc2F)nc2c1CCC2,Ar-H_to_Ar-F,1,22,1,"{""1"": -1, ""9"": 1}",1.2143138974243997,1.499549625905149,2.0187004986662433,1.7323937598229686,0.2852357284807494,-0.2863067388432747,0,1,0,1,0,FPAIR_00077,Author confirmed molecular identities; fluorination edit; endpoint; units; and reported HLM/RLM values against the cited publication or Supporting Information.,2262292,2262294,1,1,1,1,2262292,1.2143138974243997,1.499549625905149,0.2852357284807494,0.0,2262294,2.0187004986662433,1.7323937598229686,-0.2863067388432747,0.0,0.0,1.0,0.0,verified,-0.30 to -0.10,1,0
ChEMBL35_strict,doc::35229.0,35229.0,10.1021/jm061159a,OA35PAIR_00345,OA35PAIR_00660,O=C1NC(c2ccc(F)cc2)(c2ccc(F)cc2)CN1C1CCN(Cc2ccccc2)CC1,O=C1NC(c2ccc(F)cc2)(c2ccc(F)cc2)CN1C1CCN(Cc2cccc(F)c2)CC1,Ar-H_to_Ar-F,1,29,1,"{""1"": -1, ""9"": 1}",-0.2518119729937995,-0.1079053973095195,0.3010299956639812,0.146128035678238,0.14390657568428,-0.1549019599857432,0,1,0,1,0,FPAIR_00028,Author confirmed molecular identities; fluorination edit; endpoint; units; and reported HLM/RLM values against the cited publication or Supporting Information.,429174,429173,1,1,1,1,429174,-0.2518119729937995,-0.1079053973095195,0.1439065756842799,0.0,429173,0.3010299956639812,0.146128035678238,-0.1549019599857432,0.0,0.0,1.0,0.0,verified,-0.30 to -0.10,1,0
ChEMBL35_strict,doc::35229.0,35229.0,10.1021/jm061159a,OA35PAIR_01359,OA35PAIR_01454,O=C1NC(c2cccs2)(c2cccs2)CN1C1CCN(Cc2ccccc2)CC1,O=C1NC(c2cccs2)(c2cccs2)CN1C1CCN(Cc2cccc(F)c2)CC1,Ar-H_to_Ar-F,1,25,1,"{""1"": -1, ""9"": 1}",0.3617278360175928,-0.0222763947111522,1.3747483460101038,1.1398790864012365,-0.384004230728745,-0.2348692596088673,1,1,1,0,0,FPAIR_00063,Author confirmed molecular identities; fluorination edit; endpoint; units; and reported HLM/RLM values against the cited publication or Supporting Information.,429174,429173,1,1,1,1,429174,0.3617278360175928,-0.0222763947111522,-0.3840042307287451,0.0,429173,1.3747483460101038,1.1398790864012365,-0.2348692596088673,0.0,1.0,1.0,1.0,verified,-0.30 to -0.10,0,1
ChEMBL35_strict,doc::39211.0,39211.0,10.1021/jm701097z,OA35PAIR_02055,OA35PAIR_02330,COc1cc2nccc(Oc3ccc4c(C(=O)Nc5ccc(Cl)cc5)cccc4c3)c2cc1OC,COc1cc2nccc(Oc3ccc4c(C(=O)Nc5ccc(Cl)cc5)cccc4c3F)c2cc1OC,Ar-H_to_Ar-F,1,29,1,"{""1"": -1, ""9"": 1}",1.545307116465824,1.545307116465824,1.954242509439325,1.7323937598229686,0.0,-0.2218487496163563,0,1,0,1,0,FPAIR_00093,Author confirmed molecular identities; fluorination edit; endpoint; units; and reported HLM/RLM values against the cited publication or Supporting Information.,474876,474875,1,1,1,1,474876,1.545307116465824,1.545307116465824,0.0,0.0,474875,1.954242509439325,1.7323937598229686,-0.2218487496163563,0.0,0.0,1.0,0.0,verified,-0.30 to -0.10,1,0
ChEMBL35_strict,doc::39450.0,39450.0,10.1021/jm701383e,OA35PAIR_01435,OA35PAIR_00749,O=C(O)CN1C(=O)[C@@]2(CC(=O)N(Cc3cccc(Cl)c3)C2=O)c2cc(Cl)ccc21,O=C(O)CN1C(=O)[C@@]2(CC(=O)N(Cc3cc(Cl)ccc3F)C2=O)c2cc(Cl)ccc21,Ar-H_to_Ar-F,1,19,1,"{""1"": -1, ""9"": 1}",0.5453071164658241,0.7671558660821804,1.1583624920952498,1.534026106056135,0.2218487496163563,0.3756636139608853,0,0,1,0,0,FPAIR_00033,Author confirmed molecular identities; fluorination edit; endpoint; units; and reported HLM/RLM values against the cited publication or Supporting Information.,478843,478844,1,1,1,1,478843,0.5453071164658241,0.7671558660821804,0.2218487496163563,0.0,478844,1.1583624920952498,1.534026106056135,0.3756636139608853,0.0,0.0,0.0,1.0,verified,> 0.10,0,0
ChEMBL35_strict,doc::44642.0,44642.0,10.1016/j.bmcl.2008.08.105,OA35PAIR_00470,OA35PAIR_01222,O=C(Nc1ccc2cccnc2c1)c1ccc(-c2ccccc2)nc1,O=C(Nc1ccc2cccnc2c1)c1ccc(-c2ccc(F)cc2)nc1,Ar-H_to_Ar-F,1,20,1,"{""1"": -1, ""9"": 1}",0.5595475555804343,0.2986347831244356,0.5976951859255123,0.2966651902615311,-0.2609127724559987,-0.3010299956639812,1,1,1,0,0,FPAIR_00055,Author confirmed molecular identities; fluorination edit; endpoint; units; and reported HLM/RLM values against the cited publication or Supporting Information.,536356,536357,1,1,1,1,536356,0.5595475555804343,0.2986347831244356,-0.2609127724559987,0.0,536357,0.5976951859255123,0.2966651902615311,-0.3010299956639811,0.0,1.0,1.0,1.0,verified,< -0.30,0,1
ChEMBL35_strict,doc::44953.0,44953.0,10.1016/j.bmcl.2008.10.072,OA35PAIR_00129,OA35PAIR_00420,C[C@@H]1CN(Cc2ccc(-c3cccnc3C(=O)N3CCC(Nc4cccc(F)c4)CC3)cc2)C[C@H](C)N1,C[C@@H]1CN(Cc2ccc(-c3cccnc3C(=O)N3CCC(Nc4cccc(F)c4)CC3)cc2F)C[C@H](C)N1,Ar-H_to_Ar-F,1,32,1,"{""1"": -1, ""9"": 1}",0.7116385382323491,1.0413137153458605,1.0681858617461617,1.334453751150931,0.3296751771135113,0.2662678894047692,0,0,1,0,0,FPAIR_00016,Author confirmed molecular identities; fluorination edit; endpoint; units; and reported HLM/RLM values against the cited publication or Supporting Information.,559940,559941,1,1,1,1,559940,0.7116385382323491,1.0413137153458605,0.3296751771135111,0.0,559941,1.0681858617461617,1.334453751150931,0.2662678894047692,0.0,0.0,0.0,1.0,verified,> 0.10,0,0
ChEMBL35_strict,doc::44953.0,44953.0,10.1016/j.bmcl.2008.10.072,OA35PAIR_00284,OA35PAIR_01337,C[C@@H]1CN(Cc2ccc(-c3cccnc3C(=O)N3CCC(Nc4ccc(F)cc4)CC3)cc2)C[C@H](C)N1,C[C@@H]1CN(Cc2ccc(-c3cccnc3C(=O)N3CCC(Nc4ccc(F)cc4)CC3)cc2F)C[C@H](C)N1,Ar-H_to_Ar-F,1,32,1,"{""1"": -1, ""9"": 1}",0.4831592097169795,0.8085485512404055,0.7024305364455252,1.0681858617461617,0.3253893415234259,0.3657553253006365,0,0,1,0,0,FPAIR_00058,Author confirmed molecular identities; fluorination edit; endpoint; units; and reported HLM/RLM values against the cited publication or Supporting Information.,559940,559941,1,1,1,1,559940,0.4831592097169795,0.8085485512404055,0.3253893415234259,0.0,559941,0.7024305364455252,1.0681858617461617,0.3657553253006365,0.0,0.0,0.0,1.0,verified,> 0.10,0,0
ChEMBL35_strict,doc::44953.0,44953.0,10.1016/j.bmcl.2008.10.072,OA35PAIR_00129,OA35PAIR_02175,C[C@@H]1CN(Cc2ccc(-c3cccnc3C(=O)N3CCC(Nc4cccc(F)c4)CC3)cc2)C[C@H](C)N1,C[C@@H]1CN(Cc2ccc(-c3cccnc3C(=O)N3CCC(Nc4ccc(F)c(F)c4)CC3)cc2)C[C@H](C)N1,Ar-H_to_Ar-F,1,25,1,"{""1"": -1, ""9"": 1}",0.7116385382323491,0.9132839017604184,1.0681858617461617,1.0261245167454502,0.2016453635280692,-0.0420613450007114,0,1,0,1,0,FPAIR_00086,Author confirmed molecular identities; fluorination edit; endpoint; units; and reported HLM/RLM values against the cited publication or Supporting Information.,559940,559941,1,1,1,1,559940,0.7116385382323491,0.9132839017604184,0.2016453635280692,0.0,559941,1.0681858617461617,1.0261245167454502,-0.0420613450007114,0.0,0.0,1.0,0.0,verified,-0.10 to 0.10,1,0
ChEMBL35_strict,doc::44953.0,44953.0,10.1016/j.bmcl.2008.10.072,OA35PAIR_00284,OA35PAIR_02175,C[C@@H]1CN(Cc2ccc(-c3cccnc3C(=O)N3CCC(Nc4ccc(F)cc4)CC3)cc2)C[C@H](C)N1,C[C@@H]1CN(Cc2ccc(-c3cccnc3C(=O)N3CCC(Nc4ccc(F)c(F)c4)CC3)cc2)C[C@H](C)N1,Ar-H_to_Ar-F,1,27,1,"{""1"": -1, ""9"": 1}",0.4831592097169795,0.9132839017604184,0.7024305364455252,1.0261245167454502,0.4301246920434389,0.323693980299925,0,0,1,0,0,FPAIR_00087,Author confirmed molecular identities; fluorination edit; endpoint; units; and reported HLM/RLM values against the cited publication or Supporting Information.,559940,559941,1,1,1,1,559940,0.4831592097169795,0.9132839017604184,0.4301246920434388,0.0,559941,0.7024305364455252,1.0261245167454502,0.323693980299925,0.0,0.0,0.0,1.0,verified,> 0.10,0,0
ChEMBL35_strict,doc::46450.0,46450.0,10.1016/j.bmcl.2009.02.056,OA35PAIR_00397,OA35PAIR_01699,Cc1ccc2c(N3CCN(CCc4cccc5c4OCC(=O)N5C)CC3)cccc2n1,Cc1ccc2c(N3CCN(CCc4cccc5c4OCC(=O)N5C)CC3)cc(F)cc2n1,Ar-H_to_Ar-F,1,27,1,"{""1"": -1, ""9"": 1}",0.4483971034577676,0.5733358400660676,0.255272505103306,0.1583624920952496,0.1249387366083,-0.0969100130080564,0,1,0,1,0,FPAIR_00074,Author confirmed molecular identities; fluorination edit; endpoint; units; and reported HLM/RLM values against the cited publication or Supporting Information.,501248,501247,1,1,1,1,501248,0.4483971034577676,0.5733358400660676,0.1249387366083,0.0,501247,0.255272505103306,0.1583624920952496,-0.0969100130080564,0.0,0.0,1.0,0.0,verified,-0.10 to 0.10,1,0
ChEMBL35_strict,doc::47715.0,47715.0,10.1016/j.bmcl.2009.06.028,OA35PAIR_02361,OA35PAIR_00621,N#Cc1cccc(N2CCN(CCN3CCC(C(F)(F)F)CC3)C2=O)c1,N#Cc1cc(N2CCN(CCN3CCC(C(F)(F)F)CC3)C2=O)ccc1F,Ar-H_to_Ar-F,1,25,1,"{""1"": -1, ""9"": 1}",0.7583819417746753,1.0272272540672551,1.3159703454569178,1.2723058444020865,0.2688453122925798,-0.0436645010548313,0,1,0,1,0,FPAIR_00026,Author confirmed molecular identities; fluorination edit; endpoint; units; and reported HLM/RLM values against the cited publication or Supporting Information.,577526,577527,1,1,1,1,577526,0.7583819417746753,1.0272272540672551,0.26884531229258,0.0,577527,1.3159703454569178,1.2723058444020865,-0.0436645010548313,0.0,0.0,1.0,0.0,verified,-0.10 to 0.10,1,0
ChEMBL35_strict,doc::50787.0,50787.0,10.1021/jm9017866,OA35PAIR_01995,OA35PAIR_00253,C[C@@H]1CN(C(=O)[C@@H]2CN(C(C)(C)C)C[C@H]2c2ccc(F)cc2F)C[C@H](C)[C@@]1(O)c1ccccc1,C[C@@H]1CN(C(=O)[C@@H]2CN(C(C)(C)C)C[C@H]2c2ccc(F)cc2F)C[C@H](C)[C@@]1(O)c1ccc(F)cc1,Ar-H_to_Ar-F,1,31,1,"{""1"": -1, ""9"": 1}",1.7213983755215052,1.515343893088381,5.033423755486949,4.9273703630390235,-0.2060544824331243,-0.1060533924479258,1,1,1,0,0,FPAIR_00009,Author confirmed molecular identities; fluorination edit; endpoint; units; and reported HLM/RLM values against the cited publication or Supporting Information.,624025,624026,1,1,1,1,624025,1.7213983755215052,1.515343893088381,-0.2060544824331243,0.0,624026,5.033423755486949,4.9273703630390235,-0.1060533924479258,0.0,1.0,1.0,1.0,verified,-0.30 to -0.10,0,1
ChEMBL35_strict,doc::51249.0,51249.0,10.1016/j.bmcl.2010.03.095,OA35PAIR_00897,OA35PAIR_00471,Cc1cccc(C)c1C(=O)N1C[C@H]2CN(CC[C@H](NC(=O)C3CCCC3)c3ccccc3)C[C@H]2C1,Cc1cc(F)cc(C)c1C(=O)N1C[C@H]2CN(CC[C@H](NC(=O)C3CCCC3)c3ccccc3)C[C@H]2C1,Ar-H_to_Ar-F,1,3,1,"{""1"": -1, ""9"": 1}",2.4764258270580113,2.4410978647162684,2.763128376799137,2.9687630481972485,-0.0353279623417428,0.2056346713981116,1,0,0,1,0,FPAIR_00019,Author confirmed molecular identities; fluorination edit; endpoint; units; and reported HLM/RLM values against the cited publication or Supporting Information.,630266,630267,1,1,1,1,630266,2.4764258270580113,2.4410978647162684,-0.0353279623417428,0.0,630267,2.763128376799137,2.9687630481972485,0.2056346713981116,0.0,1.0,0.0,0.0,verified,> 0.10,1,1
ChEMBL35_strict,doc::51249.0,51249.0,10.1016/j.bmcl.2010.03.095,OA35PAIR_01821,OA35PAIR_00713,Cc1ncnc(C)c1C(=O)N1C[C@H]2CN(CC[C@H](NC(=O)CC3CCC(F)(F)CC3)c3ccccc3)C[C@H]2C1,Cc1ncnc(C)c1C(=O)N1C[C@H]2CN(CC[C@H](NC(=O)CC3CCC(F)(F)CC3)c3cccc(F)c3)C[C@H]2C1,Ar-H_to_Ar-F,1,34,1,"{""1"": -1, ""9"": 1}",1.9872639541222352,2.121264305229581,1.91803033678488,1.6354837468149122,0.1340003511073459,-0.2825465899699679,0,1,0,1,0,FPAIR_00031,Author confirmed molecular identities; fluorination edit; endpoint; units; and reported HLM/RLM values against the cited publication or Supporting Information.,630266,630267,1,1,1,1,630266,1.9872639541222352,2.121264305229581,0.1340003511073457,0.0,630267,1.91803033678488,1.6354837468149122,-0.2825465899699679,0.0,0.0,1.0,0.0,verified,-0.30 to -0.10,1,0
ChEMBL35_strict,doc::51249.0,51249.0,10.1016/j.bmcl.2010.03.095,OA35PAIR_00767,OA35PAIR_00762,Cc1ncnc(C)c1C(=O)N1C[C@H]2CN(CC[C@H](NC(=O)CC3CC(F)(F)C3)c3ccccc3)C[C@H]2C1,Cc1ncnc(C)c1C(=O)N1C[C@H]2CN(CC[C@H](NC(=O)CC3CC(F)(F)C3)c3cccc(F)c3)C[C@H]2C1,Ar-H_to_Ar-F,1,32,1,"{""1"": -1, ""9"": 1}",1.8463371121298051,1.515343893088381,2.040602340114073,1.717670503002262,-0.3309932190414242,-0.322931837111811,1,1,1,0,0,FPAIR_00034,Author confirmed molecular identities; fluorination edit; endpoint; units; and reported HLM/RLM values against the cited publication or Supporting Information.,630266,630267,1,1,1,1,630266,1.8463371121298051,1.515343893088381,-0.3309932190414244,0.0,630267,2.040602340114073,1.717670503002262,-0.322931837111811,0.0,1.0,1.0,1.0,verified,< -0.30,0,1
ChEMBL35_strict,doc::52012.0,52012.0,10.1016/j.bmcl.2010.06.140,OA35PAIR_02216,OA35PAIR_00826,O=C(c1cccc(F)c1)N1C[C@@H]2[C@H](CNc3nc(-c4ccccn4)cs3)[C@@H]2C1,O=C(c1cc(F)cc(F)c1)N1C[C@@H]2[C@H](CNc3nc(-c4ccccn4)cs3)[C@@H]2C1,Ar-H_to_Ar-F,1,4,1,"{""1"": -1, ""9"": 1}",1.0224283711854865,1.2986347831244356,1.100370545117563,1.2966651902615312,0.2762064119389491,0.1962946451439682,0,0,1,0,0,FPAIR_00037,Author confirmed molecular identities; fluorination edit; endpoint; units; and reported HLM/RLM values against the cited publication or Supporting Information.,644142,644141,1,1,1,1,644142,1.0224283711854865,1.2986347831244356,0.2762064119389491,0.0,644141,1.100370545117563,1.2966651902615312,0.1962946451439682,0.0,0.0,0.0,1.0,verified,> 0.10,0,0
ChEMBL35_strict,doc::53897.0,53897.0,10.1021/jm100773e,OA35PAIR_00356,OA35PAIR_00349,Cc1c2c(=O)n(-c3ccccc3Cl)[nH]c2cc(=O)n1Cc1ccccn1,Cc1c2c(=O)n(-c3ccc(F)cc3Cl)[nH]c2cc(=O)n1Cc1ccccn1,Ar-H_to_Ar-F,1,9,1,"{""1"": -1, ""9"": 1}",1.462637542572378,1.6433737066738228,2.101609617233111,2.1805845966029556,0.1807361641014446,0.0789749793698444,0,0,1,0,0,FPAIR_00013,Author confirmed molecular identities; fluorination edit; endpoint; units; and reported HLM/RLM values against the cited publication or Supporting Information.,685164,685147,1,1,1,1,685164,1.462637542572378,1.6433737066738228,0.1807361641014448,0.0,685147,2.101609617233111,2.1805845966029556,0.0789749793698444,0.0,0.0,0.0,1.0,verified,-0.10 to 0.10,0,0
ChEMBL35_strict,doc::53996.0,53996.0,10.1016/j.bmcl.2010.09.064,OA35PAIR_00855,OA35PAIR_00422,O=C1O[C@]2(CC[C@H](c3nc4cc(OC(F)(F)F)ccc4[nH]3)CC2)CN1c1ccccc1,O=C1O[C@]2(CC[C@H](c3nc4cc(OC(F)(F)F)ccc4[nH]3)CC2)CN1c1ccccc1F,Ar-H_to_Ar-F,1,30,1,"{""1"": -1, ""9"": 1}",-0.2328441339178195,-0.2328441339178195,-0.0457574905606751,-0.0457574905606751,0.0,0.0,0,0,1,0,0,FPAIR_00017,Author confirmed molecular identities; fluorination edit; endpoint; units; and reported HLM/RLM values against the cited publication or Supporting Information.,686317,686318,1,1,1,1,686317,-0.2328441339178195,-0.2328441339178195,0.0,0.0,686318,-0.0457574905606751,-0.0457574905606751,0.0,0.0,0.0,0.0,1.0,verified,-0.10 to 0.10,0,0
ChEMBL35_strict,doc::53996.0,53996.0,10.1016/j.bmcl.2010.09.064,OA35PAIR_00850,OA35PAIR_00873,O=C1OC2(CCN(c3nc4ccccc4[nH]3)CC2)CN1c1ccccc1,O=C1OC2(CCN(c3nc4cc(F)ccc4[nH]3)CC2)CN1c1ccccc1,Ar-H_to_Ar-F,1,11,1,"{""1"": -1, ""9"": 1}",1.0594119374386566,0.9132839017604184,0.255272505103306,-0.0457574905606751,-0.1461280356782381,-0.3010299956639811,1,1,1,0,0,FPAIR_00041,Author confirmed molecular identities; fluorination edit; endpoint; units; and reported HLM/RLM values against the cited publication or Supporting Information.,686317,686318,1,1,1,1,686317,1.0594119374386566,0.9132839017604184,-0.1461280356782381,0.0,686318,0.255272505103306,-0.0457574905606751,-0.3010299956639812,0.0,1.0,1.0,1.0,verified,< -0.30,0,1
ChEMBL35_strict,doc::53996.0,53996.0,10.1016/j.bmcl.2010.09.064,OA35PAIR_00855,OA35PAIR_01045,O=C1O[C@]2(CC[C@H](c3nc4cc(OC(F)(F)F)ccc4[nH]3)CC2)CN1c1ccccc1,O=C1O[C@]2(CC[C@H](c3nc4cc(OC(F)(F)F)ccc4[nH]3)CC2)CN1c1ccc(F)cc1,Ar-H_to_Ar-F,1,28,1,"{""1"": -1, ""9"": 1}",-0.2328441339178195,-0.2328441339178195,-0.0457574905606751,-0.0457574905606751,0.0,0.0,0,0,1,0,0,FPAIR_00047,Author confirmed molecular identities; fluorination edit; endpoint; units; and reported HLM/RLM values against the cited publication or Supporting Information.,686317,686318,1,1,1,1,686317,-0.2328441339178195,-0.2328441339178195,0.0,0.0,686318,-0.0457574905606751,-0.0457574905606751,0.0,0.0,0.0,0.0,1.0,verified,-0.10 to 0.10,0,0
ChEMBL35_strict,doc::53996.0,53996.0,10.1016/j.bmcl.2010.09.064,OA35PAIR_01901,OA35PAIR_01854,N#Cc1ccc2[nH]c([C@H]3CC[C@]4(CC3)CN(c3ccccc3)C(=O)O4)nc2c1,N#Cc1ccc2[nH]c([C@H]3CC[C@]4(CC3)CN(c3ccc(F)cc3)C(=O)O4)nc2c1,Ar-H_to_Ar-F,1,19,1,"{""1"": -1, ""9"": 1}",-0.2328441339178195,-0.2328441339178195,-0.0457574905606751,-0.0457574905606751,0.0,0.0,0,0,1,0,0,FPAIR_00078,Author confirmed molecular identities; fluorination edit; endpoint; units; and reported HLM/RLM values against the cited publication or Supporting Information.,686317,686318,1,1,1,1,686317,-0.2328441339178195,-0.2328441339178195,0.0,0.0,686318,-0.0457574905606751,-0.0457574905606751,0.0,0.0,0.0,0.0,1.0,verified,-0.10 to 0.10,0,0
ChEMBL35_strict,doc::53996.0,53996.0,10.1016/j.bmcl.2010.09.064,OA35PAIR_00627,OA35PAIR_02234,O=C1O[C@]2(CC[C@H](c3nc4cc(OC(F)(F)F)ccc4[nH]3)CC2)CN1c1ccccn1,O=C1O[C@]2(CC[C@H](c3nc4cc(OC(F)(F)F)ccc4[nH]3)CC2)CN1c1cccc(F)n1,Ar-H_to_Ar-F,1,29,1,"{""1"": -1, ""9"": 1}",-0.2328441339178195,-0.2328441339178195,-0.0457574905606751,-0.0457574905606751,0.0,0.0,0,0,1,0,0,FPAIR_00089,Author confirmed molecular identities; fluorination edit; endpoint; units; and reported HLM/RLM values against the cited publication or Supporting Information.,686317,686318,1,1,1,1,686317,-0.2328441339178195,-0.2328441339178195,0.0,0.0,686318,-0.0457574905606751,-0.0457574905606751,0.0,0.0,0.0,0.0,1.0,verified,-0.10 to 0.10,0,0
ChEMBL35_strict,doc::54003.0,54003.0,10.1016/j.bmcl.2010.09.085,OA35PAIR_02315,OA35PAIR_00648,Cc1ccc2c(N3CCN(CCc4c(C)ccc5c4ccc(=O)n5C)CC3)cccc2n1,Cc1ccc2c(N3CCN(CCc4c(C)ccc5c4ccc(=O)n5C)CC3)cc(F)cc2n1,Ar-H_to_Ar-F,1,28,1,"{""1"": -1, ""9"": 1}",0.2442771208018428,0.2723058444020864,0.5976951859255123,0.6170003411208989,0.0280287236002435,0.0193051551953865,0,0,1,0,0,FPAIR_00027,Author confirmed molecular identities; fluorination edit; endpoint; units; and reported HLM/RLM values against the cited publication or Supporting Information.,686393,686394,1,1,1,1,686393,0.2442771208018428,0.2723058444020864,0.0280287236002435,0.0,686394,0.5976951859255123,0.6170003411208989,0.0193051551953865,0.0,0.0,0.0,1.0,verified,-0.10 to 0.10,0,0
ChEMBL35_strict,doc::54003.0,54003.0,10.1016/j.bmcl.2010.09.085,OA35PAIR_00308,OA35PAIR_01784,Cc1ccc2c(N3CCN(CCc4cccc5c4ccc(=O)n5C)[C@@H](C)C3)cccc2n1,Cc1ccc2c(N3CCN(CCc4cccc5c4ccc(=O)n5C)[C@@H](C)C3)cc(F)cc2n1,Ar-H_to_Ar-F,1,28,1,"{""1"": -1, ""9"": 1}",0.2442771208018428,-0.0287241512618947,0.1003705451175628,0.1003705451175628,-0.2730012720637375,0.0,1,0,0,1,0,FPAIR_00076,Author confirmed molecular identities; fluorination edit; endpoint; units; and reported HLM/RLM values against the cited publication or Supporting Information.,686393,686394,1,1,1,1,686393,0.2442771208018428,-0.0287241512618947,-0.2730012720637376,0.0,686394,0.1003705451175628,0.1003705451175628,0.0,0.0,1.0,0.0,0.0,verified,-0.10 to 0.10,1,1
ChEMBL35_strict,doc::54771.0,54771.0,10.1021/jm100679e,OA35PAIR_01369,OA35PAIR_00458,O=C1CCCN1Cc1ccc(-n2nc(C(F)(F)F)c3c2CCCC3)cc1,O=C1CCCN1Cc1ccc(-n2nc(C(F)(F)F)c3c2CCCC3)cc1F,Ar-H_to_Ar-F,1,25,1,"{""1"": -1, ""9"": 1}",1.0272272540672551,0.5305838596451177,0.6354837468149122,0.5563025007672873,-0.4966433944221374,-0.0791812460476248,1,1,1,0,0,FPAIR_00018,Author confirmed molecular identities; fluorination edit; endpoint; units; and reported HLM/RLM values against the cited publication or Supporting Information.,702473,702472,1,1,1,1,702473,1.0272272540672551,0.5305838596451177,-0.4966433944221377,0.0,702472,0.6354837468149122,0.5563025007672873,-0.0791812460476248,0.0,1.0,1.0,1.0,verified,-0.10 to 0.10,0,1
ChEMBL35_strict,doc::54771.0,54771.0,10.1021/jm100679e,OA35PAIR_01386,OA35PAIR_00951,O=C(Cc1ccc(-n2nc(C(F)(F)F)c3c2CCCC3)cc1)N1CCCC1,O=C(Cc1ccc(-n2nc(C(F)(F)F)c3c2CCCC3)cc1F)N1CCCC1,Ar-H_to_Ar-F,1,21,1,"{""1"": -1, ""9"": 1}",1.464385208841898,0.907034952483417,1.4196253608877432,1.385606273598312,-0.557350256358481,-0.0340190872894312,1,1,1,0,0,FPAIR_00043,Author confirmed molecular identities; fluorination edit; endpoint; units; and reported HLM/RLM values against the cited publication or Supporting Information.,702473,702472,1,1,1,1,702473,1.464385208841898,0.907034952483417,-0.557350256358481,0.0,702472,1.4196253608877432,1.385606273598312,-0.034019087289431,0.0,1.0,1.0,1.0,verified,-0.10 to 0.10,0,1
ChEMBL35_strict,doc::58563.0,58563.0,10.1016/j.bmcl.2011.06.023,OA35PAIR_00757,OA35PAIR_00163,O=C(Nc1ccnn1-c1ccccc1)N1CCn2c(c(O)n([C@H]3C[C@@H]3c3ccccc3)c2=O)C1,O=C(Nc1ccnn1-c1cccc(F)c1)N1CCn2c(c(O)n([C@H]3C[C@@H]3c3ccccc3)c2=O)C1,Ar-H_to_Ar-F,1,12,1,"{""1"": -1, ""9"": 1}",4.559547555580434,4.721398375521505,4.945468585131819,5.158362492095249,0.1618508199410708,0.2128939069634299,0,0,1,0,0,FPAIR_00006,Author confirmed molecular identities; fluorination edit; endpoint; units; and reported HLM/RLM values against the cited publication or Supporting Information.,762255,762253,1,1,1,1,762255,4.559547555580434,4.721398375521505,0.1618508199410708,0.0,762253,4.945468585131819,5.158362492095249,0.2128939069634299,0.0,0.0,0.0,1.0,verified,> 0.10,0,0
ChEMBL35_strict,doc::63001.0,63001.0,10.1016/j.bmcl.2012.06.087,OA35PAIR_01266,OA35PAIR_01091,COc1cnc(-c2ccccn2)nc1NCc1ccccc1,COc1cnc(-c2ccccn2)nc1NCc1ccccc1F,Ar-H_to_Ar-F,1,21,1,"{""1"": -1, ""9"": 1}",1.8260748027008264,1.7853298350107671,2.5877109650189114,2.615950051656401,-0.0407449676900593,0.0282390866374897,1,0,0,1,0,FPAIR_00049,Author confirmed molecular identities; fluorination edit; endpoint; units; and reported HLM/RLM values against the cited publication or Supporting Information.,834895,834894,1,1,1,1,834895,1.8260748027008264,1.7853298350107671,-0.0407449676900593,0.0,834894,2.5877109650189114,2.615950051656401,0.0282390866374897,0.0,1.0,0.0,0.0,verified,-0.10 to 0.10,1,1
ChEMBL35_strict,doc::63001.0,63001.0,10.1016/j.bmcl.2012.06.087,OA35PAIR_00595,OA35PAIR_02077,COc1cnc(-c2ccccn2)nc1NCc1ccccc1C(F)(F)F,COc1cnc(-c2ccccn2)nc1NCc1ccc(F)cc1C(F)(F)F,Ar-H_to_Ar-F,1,19,1,"{""1"": -1, ""9"": 1}",1.8864907251724816,1.8864907251724816,2.7442929831226763,2.285557309007774,0.0,-0.4587356741149024,0,1,0,1,0,FPAIR_00083,Author confirmed molecular identities; fluorination edit; endpoint; units; and reported HLM/RLM values against the cited publication or Supporting Information.,834895,834894,1,1,1,1,834895,1.8864907251724816,1.8864907251724816,0.0,0.0,834894,2.7442929831226763,2.285557309007774,-0.4587356741149024,0.0,0.0,1.0,0.0,verified,< -0.30,1,0
ChEMBL35_strict,doc::65507.0,65507.0,10.1021/ml3000148,OA35PAIR_02276,OA35PAIR_00001,CC(=O)N[C@@H](Cc1ccccc1F)[C@H](O)CN[C@H]1CC2(CCC2)Oc2ncc(CC(C)(C)C)cc21,CC(=O)N[C@@H](Cc1ccc(F)cc1F)[C@H](O)CN[C@H]1CC2(CCC2)Oc2ncc(CC(C)(C)C)cc21,Ar-H_to_Ar-F,1,9,1,"{""1"": -1, ""9"": 1}",2.602211967802297,1.919444210465237,2.5691397254724593,2.4933186082321015,-0.6827677573370601,-0.0758211172403577,1,1,1,0,0,FPAIR_00001,Author confirmed molecular identities; fluorination edit; endpoint; units; and reported HLM/RLM values against the cited publication or Supporting Information.,853107,853106,1,1,1,1,853107,2.602211967802297,1.919444210465237,-0.6827677573370596,0.0,853106,2.5691397254724593,2.4933186082321015,-0.0758211172403577,0.0,1.0,1.0,1.0,verified,-0.10 to 0.10,0,1
ChEMBL35_strict,doc::65507.0,65507.0,10.1021/ml3000148,OA35PAIR_00408,OA35PAIR_00001,CC(=O)N[C@@H](Cc1ccc(F)cc1)[C@H](O)CN[C@H]1CC2(CCC2)Oc2ncc(CC(C)(C)C)cc21,CC(=O)N[C@@H](Cc1ccc(F)cc1F)[C@H](O)CN[C@H]1CC2(CCC2)Oc2ncc(CC(C)(C)C)cc21,Ar-H_to_Ar-F,1,12,1,"{""1"": -1, ""9"": 1}",2.097569639431371,1.919444210465237,2.510545010206612,2.4933186082321015,-0.178125428966134,-0.0172264019745105,1,1,1,0,0,FPAIR_00002,Author confirmed molecular identities; fluorination edit; endpoint; units; and reported HLM/RLM values against the cited publication or Supporting Information.,853107,853106,1,1,1,1,853107,2.097569639431371,1.919444210465237,-0.1781254289661344,0.0,853106,2.510545010206612,2.4933186082321015,-0.0172264019745105,0.0,1.0,1.0,1.0,verified,-0.10 to 0.10,0,1
ChEMBL35_strict,doc::65507.0,65507.0,10.1021/ml3000148,OA35PAIR_01429,OA35PAIR_00408,CC(=O)N[C@@H](Cc1ccccc1)[C@H](O)CN[C@H]1CC2(CCC2)Oc2ncc(CC(C)(C)C)cc21,CC(=O)N[C@@H](Cc1ccc(F)cc1)[C@H](O)CN[C@H]1CC2(CCC2)Oc2ncc(CC(C)(C)C)cc21,Ar-H_to_Ar-F,1,9,1,"{""1"": -1, ""9"": 1}",2.7356388146361157,2.097569639431371,2.6372895476781744,2.510545010206612,-0.6380691752047447,-0.1267445374715623,1,1,1,0,0,FPAIR_00015,Author confirmed molecular identities; fluorination edit; endpoint; units; and reported HLM/RLM values against the cited publication or Supporting Information.,853107,853106,1,1,1,1,853107,2.7356388146361157,2.097569639431371,-0.6380691752047443,0.0,853106,2.6372895476781744,2.510545010206612,-0.1267445374715623,0.0,1.0,1.0,1.0,verified,-0.30 to -0.10,0,1
ChEMBL35_strict,doc::65507.0,65507.0,10.1021/ml3000148,OA35PAIR_00505,OA35PAIR_01149,CC(=O)N[C@@H](Cc1cccc(C(F)(F)F)c1)[C@H](O)CN[C@H]1CC2(CCC2)Oc2ncc(CC(C)(C)C)cc21,CC(=O)N[C@@H](Cc1ccc(F)c(C(F)(F)F)c1)[C@H](O)CN[C@H]1CC2(CCC2)Oc2ncc(CC(C)(C)C)cc21,Ar-H_to_Ar-F,1,9,1,"{""1"": -1, ""9"": 1}",2.556736578246606,2.1952906601109694,2.5081255360831993,2.3197304943302246,-0.3614459181356366,-0.1883950417529747,1,1,1,0,0,FPAIR_00051,Author confirmed molecular identities; fluorination edit; endpoint; units; and reported HLM/RLM values against the cited publication or Supporting Information.,853107,853106,1,1,1,1,853107,2.556736578246606,2.1952906601109694,-0.3614459181356366,0.0,853106,2.5081255360831993,2.3197304943302246,-0.1883950417529747,0.0,1.0,1.0,1.0,verified,-0.30 to -0.10,0,1
ChEMBL35_strict,doc::65507.0,65507.0,10.1021/ml3000148,OA35PAIR_01429,OA35PAIR_02276,CC(=O)N[C@@H](Cc1ccccc1)[C@H](O)CN[C@H]1CC2(CCC2)Oc2ncc(CC(C)(C)C)cc21,CC(=O)N[C@@H](Cc1ccccc1F)[C@H](O)CN[C@H]1CC2(CCC2)Oc2ncc(CC(C)(C)C)cc21,Ar-H_to_Ar-F,1,11,1,"{""1"": -1, ""9"": 1}",2.7356388146361157,2.602211967802297,2.6372895476781744,2.5691397254724593,-0.1334268468338186,-0.068149822205715,1,1,1,0,0,FPAIR_00091,Author confirmed molecular identities; fluorination edit; endpoint; units; and reported HLM/RLM values against the cited publication or Supporting Information.,853107,853106,1,1,1,1,853107,2.7356388146361157,2.602211967802297,-0.1334268468338191,0.0,853106,2.6372895476781744,2.5691397254724593,-0.068149822205715,0.0,1.0,1.0,1.0,verified,-0.10 to 0.10,0,1
ChEMBL35_strict,doc::65507.0,65507.0,10.1021/ml3000148,OA35PAIR_01429,OA35PAIR_02313,CC(=O)N[C@@H](Cc1ccccc1)[C@H](O)CN[C@H]1CC2(CCC2)Oc2ncc(CC(C)(C)C)cc21,CC(=O)N[C@@H](Cc1cccc(F)c1)[C@H](O)CN[C@H]1CC2(CCC2)Oc2ncc(CC(C)(C)C)cc21,Ar-H_to_Ar-F,1,10,1,"{""1"": -1, ""9"": 1}",2.7356388146361157,2.8612774619227417,2.6372895476781744,2.611298362296429,0.125638647286626,-0.0259911853817453,0,1,0,1,0,FPAIR_00092,Author confirmed molecular identities; fluorination edit; endpoint; units; and reported HLM/RLM values against the cited publication or Supporting Information.,853107,853106,1,1,1,1,853107,2.7356388146361157,2.8612774619227417,0.125638647286626,0.0,853106,2.6372895476781744,2.611298362296429,-0.0259911853817453,0.0,0.0,1.0,0.0,verified,-0.10 to 0.10,1,0
ChEMBL35_strict,doc::65507.0,65507.0,10.1021/ml3000148,OA35PAIR_02313,OA35PAIR_02380,CC(=O)N[C@@H](Cc1cccc(F)c1)[C@H](O)CN[C@H]1CC2(CCC2)Oc2ncc(CC(C)(C)C)cc21,CC(=O)N[C@@H](Cc1cc(F)cc(F)c1)[C@H](O)CN[C@H]1CC2(CCC2)Oc2ncc(CC(C)(C)C)cc21,Ar-H_to_Ar-F,1,8,1,"{""1"": -1, ""9"": 1}",2.8612774619227417,3.0324454919430104,2.611298362296429,2.5247854493212225,0.1711680300202687,-0.0865129129752064,0,1,0,1,0,FPAIR_00098,Author confirmed molecular identities; fluorination edit; endpoint; units; and reported HLM/RLM values against the cited publication or Supporting Information.,853107,853106,1,1,1,1,853107,2.8612774619227417,3.0324454919430104,0.1711680300202687,0.0,853106,2.611298362296429,2.5247854493212225,-0.0865129129752064,0.0,0.0,1.0,0.0,verified,-0.10 to 0.10,1,0
ChEMBL35_strict,doc::65822.0,65822.0,10.1021/jm3007257,OA35PAIR_02223,OA35PAIR_00315,N#CC1(NC(=O)[C@@H]2CCCC[C@H]2C(=O)N2CCc3[nH]c4ccccc4c3C2)CC1,N#CC1(NC(=O)[C@@H]2CCCC[C@H]2C(=O)N2CCc3[nH]c4c(F)cccc4c3C2)CC1,Ar-H_to_Ar-F,1,20,1,"{""1"": -1, ""9"": 1}",1.4831592097169797,1.8085485512404056,2.410608542568368,2.7480328941301435,0.3253893415234259,0.3374243515617756,0,0,1,0,0,FPAIR_00011,Author confirmed molecular identities; fluorination edit; endpoint; units; and reported HLM/RLM values against the cited publication or Supporting Information.,860187,860191,1,1,1,1,860187,1.4831592097169797,1.8085485512404056,0.3253893415234257,0.0,860191,2.410608542568368,2.7480328941301435,0.3374243515617756,0.0,0.0,0.0,1.0,verified,> 0.10,0,0
ChEMBL35_strict,doc::65822.0,65822.0,10.1021/jm3007257,OA35PAIR_02223,OA35PAIR_01075,N#CC1(NC(=O)[C@@H]2CCCC[C@H]2C(=O)N2CCc3[nH]c4ccccc4c3C2)CC1,N#CC1(NC(=O)[C@@H]2CCCC[C@H]2C(=O)N2CCc3[nH]c4cc(F)ccc4c3C2)CC1,Ar-H_to_Ar-F,1,21,1,"{""1"": -1, ""9"": 1}",1.4831592097169797,1.624488362513449,2.410608542568368,2.204662511748219,0.1413291527964693,-0.205946030820149,0,1,0,1,0,FPAIR_00048,Author confirmed molecular identities; fluorination edit; endpoint; units; and reported HLM/RLM values against the cited publication or Supporting Information.,860187,860191,1,1,1,1,860187,1.4831592097169797,1.624488362513449,0.1413291527964693,0.0,860191,2.410608542568368,2.204662511748219,-0.205946030820149,0.0,0.0,1.0,0.0,verified,-0.30 to -0.10,1,0
ChEMBL35_strict,doc::65822.0,65822.0,10.1021/jm3007257,OA35PAIR_02223,OA35PAIR_02110,N#CC1(NC(=O)[C@@H]2CCCC[C@H]2C(=O)N2CCc3[nH]c4ccccc4c3C2)CC1,N#CC1(NC(=O)[C@@H]2CCCC[C@H]2C(=O)N2CCc3[nH]c4cccc(F)c4c3C2)CC1,Ar-H_to_Ar-F,1,23,1,"{""1"": -1, ""9"": 1}",1.4831592097169797,1.824060717418653,2.410608542568368,2.763128376799137,0.3409015077016732,0.3525198342307689,0,0,1,0,0,FPAIR_00085,Author confirmed molecular identities; fluorination edit; endpoint; units; and reported HLM/RLM values against the cited publication or Supporting Information.,860187,860191,1,1,1,1,860187,1.4831592097169797,1.824060717418653,0.3409015077016732,0.0,860191,2.410608542568368,2.763128376799137,0.3525198342307689,0.0,0.0,0.0,1.0,verified,> 0.10,0,0
ChEMBL35_strict,doc::65828.0,65828.0,10.1021/jm300623u,OA35PAIR_01829,OA35PAIR_00183,O=C(NCc1cccc(OC(F)(F)F)c1)c1c2ccccc2c(O)n1CCc1ncc(F)cn1,O=C(NCc1ccc(F)c(OC(F)(F)F)c1)c1c2ccccc2c(O)n1CCc1ncc(F)cn1,Ar-H_to_Ar-F,1,7,1,"{""1"": -1, ""9"": 1}",2.3234583668494677,2.410608542568368,1.7024305364455252,2.296665190261531,0.0871501757189001,0.5942346538160057,0,0,1,0,0,FPAIR_00007,Author confirmed molecular identities; fluorination edit; endpoint; units; and reported HLM/RLM values against the cited publication or Supporting Information.,860766,860767,1,1,1,1,860766,2.3234583668494677,2.410608542568368,0.0871501757189001,0.0,860767,1.7024305364455252,2.296665190261531,0.5942346538160057,0.0,0.0,0.0,1.0,verified,> 0.10,0,0
ChEMBL35_strict,doc::65886.0,65886.0,10.1016/j.bmcl.2012.08.100,OA35PAIR_00523,OA35PAIR_01555,N#Cc1cc(F)cc(-c2nc(-c3ccccn3)no2)c1,N#Cc1cc(F)cc(-c2nc(-c3ccc(F)cn3)no2)c1,Ar-H_to_Ar-F,1,14,1,"{""1"": -1, ""9"": 1}",2.031973689091717,1.1985196302411678,1.717670503002262,1.255272505103306,-0.833454058850549,-0.4623979978989561,1,1,1,0,0,FPAIR_00067,Author confirmed molecular identities; fluorination edit; endpoint; units; and reported HLM/RLM values against the cited publication or Supporting Information.,858344,858343,1,1,1,1,858344,2.031973689091717,1.1985196302411678,-0.833454058850549,0.0,858343,1.717670503002262,1.255272505103306,-0.4623979978989561,0.0,1.0,1.0,1.0,verified,< -0.30,0,1
ChEMBL35_strict,doc::65939.0,65939.0,10.1021/jm3005866,OA35PAIR_02064,OA35PAIR_00095,CC(C)NC(=O)[C@H]1CC[C@@H](n2c(NC(=O)c3ccccc3)nc3ccc(CN4CCCCC4)cc32)CC1,CC(C)NC(=O)[C@H]1CC[C@@H](n2c(NC(=O)c3ccc(F)cc3)nc3ccc(CN4CCCCC4)cc32)CC1,Ar-H_to_Ar-F,1,18,1,"{""1"": -1, ""9"": 1}",2.3756818996593747,2.548192804703312,2.8452221064290137,2.9094490469812664,0.1725109050439375,0.0642269405522526,0,0,1,0,0,FPAIR_00004,Author confirmed molecular identities; fluorination edit; endpoint; units; and reported HLM/RLM values against the cited publication or Supporting Information.,863880,863881,1,1,1,1,863880,2.3756818996593747,2.548192804703312,0.1725109050439375,0.0,863881,2.8452221064290137,2.9094490469812664,0.0642269405522526,0.0,0.0,0.0,1.0,verified,-0.10 to 0.10,0,0
ChEMBL35_strict,doc::65939.0,65939.0,10.1021/jm3005866,OA35PAIR_00040,OA35PAIR_00353,CC(C)NC(=O)[C@H]1CC[C@@H](n2c(NC(=O)c3cccc(Cl)c3)nc3ccc(CN4CCC(C(C)(C)O)CC4)cc32)CC1,CC(C)NC(=O)[C@H]1CC[C@@H](n2c(NC(=O)c3ccc(F)c(Cl)c3)nc3ccc(CN4CCC(C(C)(C)O)CC4)cc32)CC1,Ar-H_to_Ar-F,1,18,1,"{""1"": -1, ""9"": 1}",1.960280464436642,1.9872639541222352,1.6354837468149122,1.8987251815894937,0.0269834896855931,0.2632414347745815,0,0,1,0,0,FPAIR_00014,Author confirmed molecular identities; fluorination edit; endpoint; units; and reported HLM/RLM values against the cited publication or Supporting Information.,863880,863881,1,1,1,1,863880,1.960280464436642,1.9872639541222352,0.0269834896855933,0.0,863881,1.6354837468149122,1.8987251815894937,0.2632414347745813,0.0,0.0,0.0,1.0,verified,> 0.10,0,0
ChEMBL35_strict,doc::65939.0,65939.0,10.1021/jm3005866,OA35PAIR_02340,OA35PAIR_00598,CC(C)NC(=O)[C@H]1CC[C@@H](n2c(NC(=O)c3cccc(F)c3)nc3ccc(CN4CCC(C(C)(C)O)CC4)cc32)CC1,CC(C)NC(=O)[C@H]1CC[C@@H](n2c(NC(=O)c3cc(F)cc(F)c3)nc3ccc(CN4CCC(C(C)(C)O)CC4)cc32)CC1,Ar-H_to_Ar-F,1,17,1,"{""1"": -1, ""9"": 1}",2.076786033508079,2.0077051143647804,1.255272505103306,1.9365137424788936,-0.0690809191432988,0.6812412373755876,1,0,0,1,0,FPAIR_00025,Author confirmed molecular identities; fluorination edit; endpoint; units; and reported HLM/RLM values against the cited publication or Supporting Information.,863880,863881,1,1,1,1,863880,2.076786033508079,2.0077051143647804,-0.0690809191432988,0.0,863881,1.255272505103306,1.9365137424788936,0.6812412373755874,0.0,1.0,0.0,0.0,verified,> 0.10,1,1
ChEMBL35_strict,doc::65939.0,65939.0,10.1021/jm3005866,OA35PAIR_00040,OA35PAIR_00720,CC(C)NC(=O)[C@H]1CC[C@@H](n2c(NC(=O)c3cccc(Cl)c3)nc3ccc(CN4CCC(C(C)(C)O)CC4)cc32)CC1,CC(C)NC(=O)[C@H]1CC[C@@H](n2c(NC(=O)c3cc(F)cc(Cl)c3)nc3ccc(CN4CCC(C(C)(C)O)CC4)cc32)CC1,Ar-H_to_Ar-F,1,17,1,"{""1"": -1, ""9"": 1}",1.960280464436642,1.9872639541222352,1.6354837468149122,1.8887409606828929,0.0269834896855931,0.2532572138679807,0,0,1,0,0,FPAIR_00032,Author confirmed molecular identities; fluorination edit; endpoint; units; and reported HLM/RLM values against the cited publication or Supporting Information.,863880,863881,1,1,1,1,863880,1.960280464436642,1.9872639541222352,0.0269834896855933,0.0,863881,1.6354837468149122,1.8887409606828929,0.2532572138679805,0.0,0.0,0.0,1.0,verified,> 0.10,0,0
ChEMBL35_strict,doc::65939.0,65939.0,10.1021/jm3005866,OA35PAIR_02340,OA35PAIR_00867,CC(C)NC(=O)[C@H]1CC[C@@H](n2c(NC(=O)c3cccc(F)c3)nc3ccc(CN4CCC(C(C)(C)O)CC4)cc32)CC1,CC(C)NC(=O)[C@H]1CC[C@@H](n2c(NC(=O)c3ccc(F)c(F)c3)nc3ccc(CN4CCC(C(C)(C)O)CC4)cc32)CC1,Ar-H_to_Ar-F,1,18,1,"{""1"": -1, ""9"": 1}",2.076786033508079,1.8463371121298051,1.255272505103306,1.534026106056135,-0.2304489213782741,0.2787536009528291,1,0,0,1,0,FPAIR_00039,Author confirmed molecular identities; fluorination edit; endpoint; units; and reported HLM/RLM values against the cited publication or Supporting Information.,863880,863881,1,1,1,1,863880,2.076786033508079,1.8463371121298051,-0.2304489213782738,0.0,863881,1.255272505103306,1.534026106056135,0.2787536009528291,0.0,1.0,0.0,0.0,verified,> 0.10,1,1
ChEMBL35_strict,doc::65939.0,65939.0,10.1021/jm3005866,OA35PAIR_02045,OA35PAIR_00867,CC(C)NC(=O)[C@H]1CC[C@@H](n2c(NC(=O)c3ccc(F)cc3)nc3ccc(CN4CCC(C(C)(C)O)CC4)cc32)CC1,CC(C)NC(=O)[C@H]1CC[C@@H](n2c(NC(=O)c3ccc(F)c(F)c3)nc3ccc(CN4CCC(C(C)(C)O)CC4)cc32)CC1,Ar-H_to_Ar-F,1,20,1,"{""1"": -1, ""9"": 1}",1.775756037844098,1.8463371121298051,1.4313637641589874,1.534026106056135,0.0705810742857071,0.1026623418971477,0,0,1,0,0,FPAIR_00040,Author confirmed molecular identities; fluorination edit; endpoint; units; and reported HLM/RLM values against the cited publication or Supporting Information.,863880,863881,1,1,1,1,863880,1.775756037844098,1.8463371121298051,0.0705810742857073,0.0,863881,1.4313637641589874,1.534026106056135,0.1026623418971477,0.0,0.0,0.0,1.0,verified,> 0.10,0,0
ChEMBL35_strict,doc::65939.0,65939.0,10.1021/jm3005866,OA35PAIR_02184,OA35PAIR_01372,CC(C)NC(=O)[C@H]1CC[C@@H](n2c(NC(=O)c3cccc(C#N)c3)nc3ccc(CN4CCC(C(C)(C)O)CC4)cc32)CC1,CC(C)NC(=O)[C@H]1CC[C@@H](n2c(NC(=O)c3cc(F)cc(C#N)c3)nc3ccc(CN4CCC(C(C)(C)O)CC4)cc32)CC1,Ar-H_to_Ar-F,1,17,1,"{""1"": -1, ""9"": 1}",1.92551835817743,2.0224283711854865,1.48572142648158,1.7323937598229686,0.0969100130080564,0.2466723333413887,0,0,1,0,0,FPAIR_00060,Author confirmed molecular identities; fluorination edit; endpoint; units; and reported HLM/RLM values against the cited publication or Supporting Information.,863880,863881,1,1,1,1,863880,1.92551835817743,2.0224283711854865,0.0969100130080564,0.0,863881,1.48572142648158,1.7323937598229686,0.2466723333413885,0.0,0.0,0.0,1.0,verified,> 0.10,0,0
ChEMBL35_strict,doc::65939.0,65939.0,10.1021/jm3005866,OA35PAIR_00438,OA35PAIR_02045,CC(C)NC(=O)[C@H]1CC[C@@H](n2c(NC(=O)c3ccccc3)nc3ccc(CN4CCC(C(C)(C)O)CC4)cc32)CC1,CC(C)NC(=O)[C@H]1CC[C@@H](n2c(NC(=O)c3ccc(F)cc3)nc3ccc(CN4CCC(C(C)(C)O)CC4)cc32)CC1,Ar-H_to_Ar-F,1,18,1,"{""1"": -1, ""9"": 1}",1.670245853074124,1.775756037844098,1.577491799837225,1.4313637641589874,0.1055101847699739,-0.1461280356782377,0,1,0,1,0,FPAIR_00081,Author confirmed molecular identities; fluorination edit; endpoint; units; and reported HLM/RLM values against the cited publication or Supporting Information.,863880,863881,1,1,1,1,863880,1.670245853074124,1.775756037844098,0.1055101847699739,0.0,863881,1.577491799837225,1.4313637641589874,-0.1461280356782379,0.0,0.0,1.0,0.0,verified,-0.30 to -0.10,1,0
ChEMBL35_strict,doc::65939.0,65939.0,10.1021/jm3005866,OA35PAIR_01482,OA35PAIR_02336,CC(C)NC(=O)[C@H]1CC[C@@H](n2c(NC(=O)c3ccc(C#N)cc3)nc3ccc(CN4CCC(C(C)(C)O)CC4)cc32)CC1,CC(C)NC(=O)[C@H]1CC[C@@H](n2c(NC(=O)c3ccc(C#N)c(F)c3)nc3ccc(CN4CCC(C(C)(C)O)CC4)cc32)CC1,Ar-H_to_Ar-F,1,21,1,"{""1"": -1, ""9"": 1}",2.0934917270109317,2.1887597929520113,1.7466341989375789,1.717670503002262,0.0952680659410796,-0.0289636959353167,0,1,0,1,0,FPAIR_00094,Author confirmed molecular identities; fluorination edit; endpoint; units; and reported HLM/RLM values against the cited publication or Supporting Information.,863880,863881,1,1,1,1,863880,2.0934917270109317,2.1887597929520113,0.0952680659410796,0.0,863881,1.7466341989375789,1.717670503002262,-0.0289636959353165,0.0,0.0,1.0,0.0,verified,-0.10 to 0.10,1,0
ChEMBL35_strict,doc::65939.0,65939.0,10.1021/jm3005866,OA35PAIR_00438,OA35PAIR_02340,CC(C)NC(=O)[C@H]1CC[C@@H](n2c(NC(=O)c3ccccc3)nc3ccc(CN4CCC(C(C)(C)O)CC4)cc32)CC1,CC(C)NC(=O)[C@H]1CC[C@@H](n2c(NC(=O)c3cccc(F)c3)nc3ccc(CN4CCC(C(C)(C)O)CC4)cc32)CC1,Ar-H_to_Ar-F,1,19,1,"{""1"": -1, ""9"": 1}",1.670245853074124,2.076786033508079,1.577491799837225,1.255272505103306,0.4065401804339552,-0.3222192947339191,0,1,0,1,0,FPAIR_00095,Author confirmed molecular identities; fluorination edit; endpoint; units; and reported HLM/RLM values against the cited publication or Supporting Information.,863880,863881,1,1,1,1,863880,1.670245853074124,2.076786033508079,0.4065401804339552,0.0,863881,1.577491799837225,1.255272505103306,-0.3222192947339193,0.0,0.0,1.0,0.0,verified,< -0.30,1,0
ChEMBL35_strict,doc::73675.0,73675.0,10.1021/jm4000038,OA35PAIR_00625,OA35PAIR_01198,CC1(C)OC(=O)N([C@H]2CC[C@H](NC(=O)c3ccnc4cccnc34)CC2)[C@H]1c1ccccc1,CC1(C)OC(=O)N([C@H]2CC[C@H](NC(=O)c3ccnc4cc(F)cnc34)CC2)[C@H]1c1ccccc1,Ar-H_to_Ar-F,1,20,1,"{""1"": -1, ""9"": 1}",1.624488362513449,1.775756037844098,2.0813473078041325,2.1947917577219247,0.151267675330649,0.1134444499177922,0,0,1,0,0,FPAIR_00054,Author confirmed molecular identities; fluorination edit; endpoint; units; and reported HLM/RLM values against the cited publication or Supporting Information.,959443,959442,1,1,1,1,959443,1.624488362513449,1.775756037844098,0.151267675330649,0.0,959442,2.0813473078041325,2.1947917577219247,0.1134444499177922,0.0,0.0,0.0,1.0,verified,> 0.10,0,0
ChEMBL35_strict,doc::119055.0,119055.0,10.1021/acs.jmedchem.0c01279,OA35PAIR_01531,OA35PAIR_00978,C[C@H]1C[C@@H](c2ccncc2NC(=O)c2nc(-c3ncccc3F)ccc2N)C[C@@H](O)[C@]1(C)O,C[C@H]1C[C@@H](c2ccncc2NC(=O)c2nc(-c3ncccc3F)ccc2N)C[C@@H](O)[C@@]1(O)CF,C-H_to_C-F,1,32,1,"{""1"": -1, ""9"": 1}",1.4771212547196624,0.9030899869919436,1.5440680443502757,1.6127838567197357,-0.5740312677277187,0.06871581236946,1,0,0,1,0,FPAIR_00044,Author confirmed molecular identities; fluorination edit; endpoint; units; and reported HLM/RLM values against the cited publication or Supporting Information.,2068636,2068635,1,1,1,1,2068636,1.4771212547196624,0.9030899869919436,-0.5740312677277188,0.0,2068635,1.5440680443502757,1.6127838567197357,0.0687158123694597,0.0,1.0,0.0,0.0,verified,-0.10 to 0.10,1,1
ChEMBL35_strict,doc::119055.0,119055.0,10.1021/acs.jmedchem.0c01279,OA35PAIR_01104,OA35PAIR_01028,C[C@H]1C[C@@H](c2ccncc2NC(=O)c2nc(-c3c(F)cccc3F)ncc2N)C[C@@H](O)[C@]1(C)O,C[C@H]1C[C@@H](c2ccncc2NC(=O)c2nc(-c3c(F)cccc3F)ncc2N)C[C@@H](O)[C@@]1(O)CF,C-H_to_C-F,1,33,1,"{""1"": -1, ""9"": 1}",1.0413926851582251,1.462397997898956,2.173186268412274,1.9822712330395684,0.4210053127407309,-0.1909150353727056,0,1,0,1,0,FPAIR_00046,Author confirmed molecular identities; fluorination edit; endpoint; units; and reported HLM/RLM values against the cited publication or Supporting Information.,2068636,2068635,1,1,1,1,2068636,1.0413926851582251,1.462397997898956,0.4210053127407309,0.0,2068635,2.173186268412274,1.9822712330395684,-0.1909150353727056,0.0,0.0,1.0,0.0,verified,-0.30 to -0.10,1,0
ChEMBL35_strict,doc::120738.0,120738.0,10.1021/acs.jmedchem.1c00847,OA35PAIR_01731,OA35PAIR_00567,CCCN1CC(Nc2cc(F)c([C@@H]3c4[nH]c5ccccc5c4C[C@@H](C)N3CC(F)(F)CO)c(F)c2)C1,C[C@@H]1Cc2c([nH]c3ccccc23)[C@@H](c2c(F)cc(NC3CN(CCCF)C3)cc2F)N1CC(F)(F)CO,C-H_to_C-F,1,24,1,"{""1"": -1, ""9"": 1}",0.9542425094393248,1.0413926851582251,1.1760912590556811,1.2787536009528289,0.0871501757189003,0.1026623418971477,0,0,1,0,0,FPAIR_00022,Author confirmed molecular identities; fluorination edit; endpoint; units; and reported HLM/RLM values against the cited publication or Supporting Information.,2118298,2118299,1,1,1,1,2118298,0.9542425094393248,1.0413926851582251,0.0871501757189002,0.0,2118299,1.1760912590556811,1.2787536009528289,0.1026623418971475,0.0,0.0,0.0,1.0,verified,> 0.10,0,0
ChEMBL35_strict,doc::54771.0,54771.0,10.1021/jm100679e,OA35PAIR_01386,OA35PAIR_00764,O=C(Cc1ccc(-n2nc(C(F)(F)F)c3c2CCCC3)cc1)N1CCCC1,O=C(C(F)c1ccc(-n2nc(C(F)(F)F)c3c2CCCC3)cc1)N1CCCC1,C-H_to_C-F,1,2,1,"{""1"": -1, ""9"": 1}",1.464385208841898,1.3924683170438543,1.4196253608877432,1.5541255815130126,-0.0719168917980437,0.1345002206252694,1,0,0,1,0,FPAIR_00035,Author confirmed molecular identities; fluorination edit; endpoint; units; and reported HLM/RLM values against the cited publication or Supporting Information.,702473,702472,1,1,1,1,702473,1.464385208841898,1.3924683170438543,-0.0719168917980437,0.0,702472,1.4196253608877432,1.5541255815130126,0.1345002206252694,0.0,1.0,0.0,0.0,verified,> 0.10,1,1
ChEMBL35_strict,doc::110470.0,110470.0,10.1021/acs.jmedchem.8b00994,OA35PAIR_01419,OA35PAIR_01102,CCc1noc2cc(Nc3[nH]nc4cccnc34)ccc12,CC(F)(F)c1noc2cc(Nc3[nH]nc4cccnc34)ccc12,CH2_to_CF2,2,1,1,"{""1"": -2, ""9"": 2}",1.8444771757456817,1.390935107103379,2.3096301674258988,1.0413926851582251,-0.4535420686423026,-1.2682374822676736,1,1,1,0,0,FPAIR_00050,Author confirmed molecular identities; fluorination edit; endpoint; units; and reported HLM/RLM values against the cited publication or Supporting Information.,1810580,1810581,1,1,1,1,1810580,1.8444771757456817,1.390935107103379,-0.4535420686423024,0.0,1810581,2.3096301674258988,1.0413926851582251,-1.2682374822676736,0.0,1.0,1.0,1.0,verified,< -0.30,0,1
ChEMBL35_strict,doc::120738.0,120738.0,10.1021/acs.jmedchem.1c00847,OA35PAIR_01731,OA35PAIR_00667,CCCN1CC(Nc2cc(F)c([C@@H]3c4[nH]c5ccccc5c4C[C@@H](C)N3CC(F)(F)CO)c(F)c2)C1,C[C@@H]1Cc2c([nH]c3ccccc23)[C@@H](c2c(F)cc(NC3CN(CCC(F)F)C3)cc2F)N1CC(F)(F)CO,CH2_to_CF2,2,24,1,"{""1"": -2, ""9"": 2}",0.9542425094393248,1.0791812460476249,1.1760912590556811,1.3979400086720375,0.1249387366083001,0.2218487496163563,0,0,1,0,0,FPAIR_00029,Author confirmed molecular identities; fluorination edit; endpoint; units; and reported HLM/RLM values against the cited publication or Supporting Information.,2118298,2118299,1,1,1,1,2118298,0.9542425094393248,1.0791812460476249,0.1249387366083,0.0,2118299,1.1760912590556811,1.3979400086720375,0.2218487496163563,0.0,0.0,0.0,1.0,verified,> 0.10,0,0
ChEMBL35_strict,doc::54771.0,54771.0,10.1021/jm100679e,OA35PAIR_01386,OA35PAIR_00506,O=C(Cc1ccc(-n2nc(C(F)(F)F)c3c2CCCC3)cc1)N1CCCC1,O=C(N1CCCC1)C(F)(F)c1ccc(-n2nc(C(F)(F)F)c3c2CCCC3)cc1,CH2_to_CF2,2,7,1,"{""1"": -2, ""9"": 2}",1.464385208841898,1.670245853074124,1.4196253608877432,1.831613855309099,0.2058606442322259,0.4119884944213559,0,0,1,0,0,FPAIR_00020,Author confirmed molecular identities; fluorination edit; endpoint; units; and reported HLM/RLM values against the cited publication or Supporting Information.,702473,702472,1,1,1,1,702473,1.464385208841898,1.670245853074124,0.2058606442322259,0.0,702472,1.4196253608877432,1.831613855309099,0.4119884944213559,0.0,0.0,0.0,1.0,verified,> 0.10,0,0
ChEMBL35_strict,doc::58850.0,58850.0,10.1016/j.bmcl.2011.07.031,OA35PAIR_00838,OA35PAIR_01376,O=C(NC1CCCCC1)N1CCN(c2nc(-c3ccc4ccccc4n3)no2)CC1,O=C(NC1CCC(F)(F)CC1)N1CCN(c2nc(-c3ccc4ccccc4n3)no2)CC1,CH2_to_CF2,2,6,1,"{""1"": -2, ""9"": 2}",1.8463371121298051,0.9712758487381052,2.5317343092765503,2.040602340114073,-0.8750612633916999,-0.4911319691624771,1,1,1,0,0,FPAIR_00061,Author confirmed molecular identities; fluorination edit; endpoint; units; and reported HLM/RLM values against the cited publication or Supporting Information.,766746,766744,1,1,1,1,766746,1.8463371121298051,0.9712758487381052,-0.8750612633917001,0.0,766744,2.5317343092765503,2.040602340114073,-0.4911319691624771,0.0,1.0,1.0,1.0,verified,< -0.30,0,1
ChEMBL35_strict,doc::63001.0,63001.0,10.1016/j.bmcl.2012.06.087,OA35PAIR_00615,OA35PAIR_01225,COc1cnc(-c2ccccn2)nc1N1CCCC1,COc1cnc(-c2ccccn2)nc1N1CCC(F)(F)C1,CH2_to_CF2,2,17,1,"{""1"": -2, ""9"": 2}",2.660865478003869,2.4913616938342726,2.9943171526696366,2.59659709562646,-0.1695037841695965,-0.3977200570431765,1,1,1,0,0,FPAIR_00056,Author confirmed molecular identities; fluorination edit; endpoint; units; and reported HLM/RLM values against the cited publication or Supporting Information.,834895,834894,1,1,1,1,834895,2.660865478003869,2.4913616938342726,-0.1695037841695965,0.0,834894,2.9943171526696366,2.59659709562646,-0.3977200570431765,0.0,1.0,1.0,1.0,verified,< -0.30,0,1
ChEMBL35_strict,doc::65301.0,65301.0,10.1016/j.bmcl.2012.08.031,OA35PAIR_00289,OA35PAIR_01671,COc1cnc(-c2ccccc2CCNC(=O)c2ccc(OCCC(F)(F)F)nc2)cn1,O=C(NCCc1ccccc1-c1cnc(OC(F)F)cn1)c1ccc(OCCC(F)(F)F)nc1,CH2_to_CF2,2,16,1,"{""1"": -2, ""9"": 2}",5.161607546908397,5.390405156480081,5.365862215402555,5.686636269262293,0.2287976095716839,0.3207740538597381,0,0,1,0,0,FPAIR_00071,Author confirmed molecular identities; fluorination edit; endpoint; units; and reported HLM/RLM values against the cited publication or Supporting Information.,849461,849460,1,1,1,1,849461,5.161607546908397,5.390405156480081,0.2287976095716839,0.0,849460,5.365862215402555,5.686636269262293,0.3207740538597381,0.0,0.0,0.0,1.0,verified,> 0.10,0,0
ChEMBL35_strict,doc::110861.0,110861.0,10.1021/acs.jmedchem.9b01721,OA35PAIR_01654,OA35PAIR_01539,CNC(=O)Nc1ccc2c(c1)CC[C@@]21OC(=O)N(CC(=O)N2Cc3ccc(F)cc3CC[C@H]2C)C1=O,CNC(=O)Nc1ccc2c(c1)CC[C@@]21OC(=O)N(CC(=O)N2Cc3ccc(F)cc3CC[C@H]2C(F)(F)F)C1=O,CH3_to_CF3,3,33,1,"{""1"": -3, ""9"": 3}",2.4747260421801167,2.2750117377780112,2.678518379040114,2.230244499401375,-0.1997143044021054,-0.4482738796387391,1,1,1,0,0,FPAIR_00066,Author confirmed molecular identities; fluorination edit; endpoint; units; and reported HLM/RLM values against the cited publication or Supporting Information.,1825665,1825666,1,1,1,1,1825665,2.4747260421801167,2.2750117377780112,-0.1997143044021054,0.0,1825666,2.678518379040114,2.230244499401375,-0.4482738796387391,0.0,1.0,1.0,1.0,verified,< -0.30,0,1
ChEMBL35_strict,doc::52714.0,52714.0,10.1021/jm100482n,OA35PAIR_00616,OA35PAIR_01678,Cc1cn2c(n1)COc1c(CCN3CCN(c4cccc5nc(C)ccc45)CC3)cccc1-2,Cc1ccc2c(N3CCN(CCc4cccc5c4OCc4nc(C(F)(F)F)cn4-5)CC3)cccc2n1,CH3_to_CF3,3,23,1,"{""1"": -3, ""9"": 3}",0.5453071164658241,0.1095785469043867,0.8680563618230415,0.0334237554869497,-0.4357285695614373,-0.8346326063360918,1,1,1,0,0,FPAIR_00073,Author confirmed molecular identities; fluorination edit; endpoint; units; and reported HLM/RLM values against the cited publication or Supporting Information.,657974,657973,1,1,1,1,657974,0.5453071164658241,0.1095785469043867,-0.4357285695614373,0.0,657973,0.8680563618230415,0.0334237554869497,-0.8346326063360917,0.0,1.0,1.0,1.0,verified,< -0.30,0,1
ChEMBL35_strict,doc::63001.0,63001.0,10.1016/j.bmcl.2012.06.087,OA35PAIR_00695,OA35PAIR_00595,COc1cnc(-c2ccccn2)nc1NCc1ccccc1C,COc1cnc(-c2ccccn2)nc1NCc1ccccc1C(F)(F)F,CH3_to_CF3,3,22,1,"{""1"": -3, ""9"": 3}",1.740362689494244,1.8864907251724816,2.8981764834976764,2.7442929831226763,0.1461280356782375,-0.1538835003750001,0,1,0,1,0,FPAIR_00024,Author confirmed molecular identities; fluorination edit; endpoint; units; and reported HLM/RLM values against the cited publication or Supporting Information.,834895,834894,1,1,1,1,834895,1.740362689494244,1.8864907251724816,0.1461280356782379,0.0,834894,2.8981764834976764,2.7442929831226763,-0.1538835003750001,0.0,0.0,1.0,0.0,verified,-0.30 to -0.10,1,0
ChEMBL35_strict,doc::65822.0,65822.0,10.1021/jm3007257,OA35PAIR_00341,OA35PAIR_02236,Cc1cccc2c3c([nH]c12)CCN(C(=O)[C@@H]1CCCC[C@H]1C(=O)NC1(C#N)CC1)C3,N#CC1(NC(=O)[C@@H]2CCCC[C@H]2C(=O)N2CCc3[nH]c4c(C(F)(F)F)cccc4c3C2)CC1,CH3_to_CF3,3,21,1,"{""1"": -3, ""9"": 3}",1.4661258704181992,1.4831592097169797,2.5081255360831993,2.3197304943302246,0.0170333392987804,-0.1883950417529747,0,1,0,1,0,FPAIR_00090,Author confirmed molecular identities; fluorination edit; endpoint; units; and reported HLM/RLM values against the cited publication or Supporting Information.,860187,860191,1,1,1,1,860187,1.4661258704181992,1.4831592097169797,0.0170333392987804,0.0,860191,2.5081255360831993,2.3197304943302246,-0.1883950417529747,0.0,0.0,1.0,0.0,verified,-0.30 to -0.10,1,0
ChEMBL35_strict,doc::109096.0,109096.0,10.1021/acs.jmedchem.8b00518,OA35PAIR_01689,OA35PAIR_00582,COc1ccc([C@H](NC(=O)c2ccc3cccnc3c2)c2ncccc2C(F)(F)F)cc1,O=C(N[C@@H](c1ccc(OC(F)(F)F)cc1)c1ncccc1C(F)(F)F)c1ccc2cccnc2c1,OCH3_to_OCF3,3,9,1,"{""1"": -3, ""9"": 3}",1.824060717418653,1.3692158574101427,2.6549462265843444,1.4313637641589874,-0.4548448600085102,-1.223582462425357,1,1,1,0,0,FPAIR_00023,Author confirmed molecular identities; fluorination edit; endpoint; units; and reported HLM/RLM values against the cited publication or Supporting Information.,1779573,1779574,1,1,1,1,1779573,1.824060717418653,1.3692158574101427,-0.4548448600085102,0.0,1779574,2.6549462265843444,1.4313637641589874,-1.223582462425357,0.0,1.0,1.0,1.0,verified,< -0.30,0,1
ChEMBL35_strict,doc::65507.0,65507.0,10.1021/ml3000148,OA35PAIR_00382,OA35PAIR_01393,COc1cc(C[C@H](NC(C)=O)[C@H](O)CN[C@H]2CC3(CCC3)Oc3ncc(CC(C)(C)C)cc32)ccc1F,CC(=O)N[C@@H](Cc1ccc(F)c(OC(F)(F)F)c1)[C@H](O)CN[C@H]1CC2(CCC2)Oc2ncc(CC(C)(C)C)cc21,OCH3_to_OCF3,3,13,1,"{""1"": -3, ""9"": 3}",2.866145505483358,2.624488362513449,2.4727564493172123,2.597695185925512,-0.2416571429699088,0.1249387366082999,1,0,0,1,0,FPAIR_00062,Author confirmed molecular identities; fluorination edit; endpoint; units; and reported HLM/RLM values against the cited publication or Supporting Information.,853107,853106,1,1,1,1,853107,2.866145505483358,2.624488362513449,-0.2416571429699088,0.0,853106,2.4727564493172123,2.597695185925512,0.1249387366082999,0.0,1.0,0.0,0.0,verified,> 0.10,1,1
ChEMBL35_strict,doc::65822.0,65822.0,10.1021/jm3007257,OA35PAIR_02314,OA35PAIR_01893,COc1cccc2c3c([nH]c12)CCN(C(=O)[C@@H]1CCCC[C@H]1C(=O)NC1(C#N)CC1)C3,N#CC1(NC(=O)[C@@H]2CCCC[C@H]2C(=O)N2CCc3[nH]c4c(OC(F)(F)F)cccc4c3C2)CC1,OCH3_to_OCF3,3,22,1,"{""1"": -3, ""9"": 3}",1.2723058444020865,1.3469394626989906,2.0813473078041325,1.9795483747040952,0.074633618296904,-0.1017989331000372,0,1,0,1,0,FPAIR_00079,Author confirmed molecular identities; fluorination edit; endpoint; units; and reported HLM/RLM values against the cited publication or Supporting Information.,860187,860191,1,1,1,1,860187,1.2723058444020865,1.3469394626989906,0.074633618296904,0.0,860191,2.0813473078041325,1.9795483747040952,-0.1017989331000372,0.0,0.0,1.0,0.0,verified,-0.30 to -0.10,1,0
